Name,Address,Phone,Website,Email,All Emails,Google Maps,Rating,Reviews,City
"Rainey Used Cars-Valdosta","3255 N Valdosta Rd, Valdosta, GA 31602, USA","(229) 660-0690","https://www.raineyusedcars.com/","info@raineyga.com","info@raineyga.com","https://maps.google.com/?cid=9544338012092299792",5,288,"Valdosta, GA"
"G to G towing - cash for used cars-wrecked or junk Fayetteville","140 Industrial Wy, Fayetteville, GA 30215, USA","(470) 709-7655","https://cashforcarsfayetteville.godaddysites.com/","matt@pixelspread.com","matt@pixelspread.com; impallari@gmail.com; hello@rfuenzalida.com; filler@godaddy.com; gracetogracetowing@gmail.com","https://maps.google.com/?cid=6410493529943921448",5,143,"Peachtree City, GA"
"Preston Diversified Auto Inc","1981 Commerce Rd, Athens, GA 30607, USA","(706) 583-9501","https://www.pdivauto.com/","prestondivsales@gmail.com","prestondivsales@gmail.com","https://maps.google.com/?cid=1491576368994430943",5,107,"Athens, GA"
"Arena Motors LLC","Mansell Cir, Roswell, GA 30075, USA","(470) 292-5599","http://arenamotors.co/","alexarenamotors@gmail.com","alexarenamotors@gmail.com; holubsasha@yahoo.com","https://maps.google.com/?cid=4689349394223283126",5,52,"Roswell, GA"
"Anchor Auto Center LLC","2254 US-84 Suite A, Valdosta, GA 31601, USA","(229) 506-6011","http://anchorautocenter.com/","info@anchorautocenter.com","info@anchorautocenter.com; anchorautocenter@gmail.com","https://maps.google.com/?cid=13223440591942636130",5,43,"Valdosta, GA"
"ASAP Auto Brokers LLC","2700 Skyview Dr # D, Lithia Springs, GA 30122, USA","(770) 819-4484","http://asapautobrokers.com/","asapautobrokers@gmail.com","asapautobrokers@gmail.com","https://maps.google.com/?cid=6708970305323657443",5,33,"Douglasville, GA"
"Georgia Auto Brokers","1023 N Broad St, Rome, GA 30161, USA","(706) 784-4453","http://www.gaautobrokers.com/","gacarbrokers@gmail.com","gacarbrokers@gmail.com","https://maps.google.com/?cid=16359076169371837492",5,32,"Rome, GA"
"Classic Atlanta Pre-Owned","7799 Roswell Rd, Atlanta, GA 30350, USA","(678) 317-2765","https://www.classicatlanta.com/","smorales@classicatlanta.com","smorales@classicatlanta.com","https://maps.google.com/?cid=2452889387832754739",5,26,"Sandy Springs, GA"
"Moon Motors INC.","5269 Buford Hwy NE Suite 111, Doraville, GA 30340, USA","(470) 357-9039","https://www.moonmotorsinc.com/","moonmotorsatlanta@gmail.com","moonmotorsatlanta@gmail.com","https://maps.google.com/?cid=14283912388567914864",5,25,"Brookhaven, GA"
"Carmona Auto Sales LLC","12067 Veterans Memorial Hwy, Douglasville, GA 30135, USA","(470) 964-2008","http://carmonaautosales.com/","carmonaautosales1@gmail.com","carmonaautosales1@gmail.com","https://maps.google.com/?cid=2402566146632436834",5,19,"Douglasville, GA"
"ATLANTA TRUE CARS","4539 Buford Hwy NE, Atlanta, GA 30341, USA","(678) 825-2743","http://www.atlantatruecars.com/","atlantatruecars@gmail.com","atlantatruecars@gmail.com; emily@vehica.com; george@vehica.com; isabella@vehica.com; jacob@vehica.com; kate@vehica.com; ralph@vehica.com","https://maps.google.com/?cid=13559554975867119666",5,12,"Brookhaven, GA"
"Kenny's Automotive Center","3320 N Expy, Griffin, GA 30223, USA","(770) 227-7090","http://kenneysautomotive.com/","byronk515@gmail.com","byronk515@gmail.com","https://maps.google.com/?cid=3450322933116873852",5,10,"Griffin, GA"
"Autos Buy Don","4172 Jodeco Rd, Stockbridge, GA 30281, USA","(770) 633-6500","http://www.autosbuydon.com/","autosbuydon@gmail.com","autosbuydon@gmail.com","https://maps.google.com/?cid=9363250982692104044",5,8,"Stockbridge, GA"
"The Car Market","255 Racetrack Rd, McDonough, GA 30252, USA","(770) 302-0381","https://thecarmarketbuyers.com/","thecarmarketbuyers@gmail.com","thecarmarketbuyers@gmail.com","https://maps.google.com/?cid=7264321263532044031",5,6,"McDonough, GA"
"Galaxy Car Sales LLC.","5555 Glenridge Con Suite 200, Sandy Springs, GA 30342, USA","(404) 587-5724","https://galaxycarsalesllc.com/","james.belisha@gmail.com","james.belisha@gmail.com","https://maps.google.com/?cid=6484996034667989924",5,3,"Sandy Springs, GA"
"Better Way Auto Sales - McDonough GA","317 Keys Ferry St, McDonough, GA 30253, USA","(470) 507-0037","https://betterwayautosalesga.com/","bwautosalesga@gmail.com","bwautosalesga@gmail.com","https://maps.google.com/?cid=2272117459600840458",5,2,"McDonough, GA"
"Parwan Auto LLC","23 Eastbrook Bend, Peachtree City, GA 30269, USA","(470) 278-8181","http://parwanautollc.com/","zacwakili2005@gmail.com","zacwakili2005@gmail.com","https://maps.google.com/?cid=5068877132511678696",5,1,"Peachtree City, GA"
"Georgia Hwy 20 Auto Sales Service & Finance LLC","12274 Cumming Hwy, Canton, GA 30115, USA","(470) 253-7210","https://www.georgiaautosale.com/","sales@georgiaautosale.com","sales@georgiaautosale.com","https://maps.google.com/?cid=7365369850663857224",5,1,"Canton, GA"
"Rainey Used Cars-Albany Ledo","1808 Ledo Rd, Albany, GA 31707, USA","(229) 888-2233","http://www.raineyusedcars.com/?utm_source=googlemybusiness&utm_medium=organic","info@raineyga.com","info@raineyga.com","https://maps.google.com/?cid=13865575658748379558",4.9,2169,"Albany, GA"
"Rainey Used Cars-Albany Slappey","807 S Slappey Blvd, Albany, GA 31701, USA","(229) 518-3626","http://www.raineyusedcars.com/?utm_source=googlemybusiness&utm_medium=organic","info@raineyga.com","info@raineyga.com","https://maps.google.com/?cid=8834626893170152527",4.9,1478,"Albany, GA"
"Velocity Auto Motors","3615 Francis Cir STE 300, Alpharetta, GA 30004, USA","(678) 882-7990","https://velocityautomotors.com/","velocityautomotors@gmail.com","velocityautomotors@gmail.com","https://maps.google.com/?cid=8293861492751912186",4.9,610,"Alpharetta, GA"
"Kennesaw Mazda","3047 Cobb Pkwy N, Kennesaw, GA 30152, USA","(678) 671-5133","https://www.kennesawmazda.com/","dnesmith@kennesawmazda.com","dnesmith@kennesawmazda.com","https://maps.google.com/?cid=15799042677502968706",4.9,212,"Kennesaw, GA"
"SINGLEE MOTORS LLC","1905 Gordon Hwy, Augusta, GA 30909, USA","(706) 426-6582","https://singleemotors.com/","info@singleemotors.com","info@singleemotors.com","https://maps.google.com/?cid=14119857950253213597",4.9,167,"Augusta, GA"
"Carpet Capitol Auto Sales","3101 E Walnut Ave, Dalton, GA 30721, USA","(706) 226-6595","https://carpetcapitolauto.com/","carpetcapitolautosales@windstream.net","carpetcapitolautosales@windstream.net","https://maps.google.com/?cid=4254230996925483686",4.9,112,"Dalton, GA"
"Max Lots of Atlanta, LLC","107 Temple Ave, Newnan, GA 30263, USA","(678) 633-5323","http://maxlotsofatlanta.com/","westdukesmaxlots@gmail.com","westdukesmaxlots@gmail.com","https://maps.google.com/?cid=18149638882454969489",4.9,72,"Newnan, GA"
"A1 Auto Source","2203 GA-42, Jenkinsburg, GA 30234, USA","(678) 774-8424","http://www.a1autosource.net/","sales@a1autosource.net","sales@a1autosource.net","https://maps.google.com/?cid=14214539705049636945",4.9,70,"McDonough, GA"
"Motorzone Atlanta","6428 Dawson Blvd Suite 1752, Norcross, GA 30093, USA","(404) 610-0637","https://motorzoneatlanta.com/","dhruv20patel@yahoo.com","dhruv20patel@yahoo.com","https://maps.google.com/?cid=5935550113787652888",4.9,65,"Atlanta, GA"
"DDG USED CARS","523 W Poplar St Suite 2, Griffin, GA 30224, USA","(404) 383-4787","http://ddgcars.com/","sales@ddgcars.com","sales@ddgcars.com","https://maps.google.com/?cid=2402427343071793929",4.9,44,"Griffin, GA"
"McDonough Luxury Motors LLC","1700 Pennsylvania Ave, McDonough, GA 30253, USA","(678) 272-0604","https://mcdonoughluxurymotors.com/","dharris@mcdonoughluxurymotors.com","dharris@mcdonoughluxurymotors.com","https://maps.google.com/?cid=1846255878124830351",4.9,12,"McDonough, GA"
"A&L Luxury Autos","155 Westridge Pkwy #218, McDonough, GA 30253, USA","(404) 884-6744","https://alluxuryautos.com/","contact@alluxuryautos.com","contact@alluxuryautos.com","https://maps.google.com/?cid=15488354139139534029",4.9,8,"McDonough, GA"
"Atlanta Toyota","2345 Pleasant Hill Rd, Duluth, GA 30096, USA","(678) 280-7095","https://www.atlantatoyota.com/?utm_source=google&utm_medium=organic&utm_campaign=gmbsales","webleads@atlantatoyota.dsmessage.com","webleads@atlantatoyota.dsmessage.com","https://maps.google.com/?cid=5895288679930859934",4.8,12607,"Atlanta, GA"
"Rick Hendrick Toyota Sandy Springs","6475 Roswell Rd, Atlanta, GA 30328, USA","(404) 476-3921","https://www.rickhendricktoyotasandysprings.com/?utm_source=weblistings&utm_medium=organic&utm_campaign=hendricklocallistings","demarius.henderson@hendrickauto.com","demarius.henderson@hendrickauto.com","https://maps.google.com/?cid=17591115492914455031",4.8,12338,"Sandy Springs, GA"
"Heyward Allen Toyota","2910 Atlanta Hwy, Athens, GA 30606, USA","(706) 369-5020","https://www.heywardallentoyota.com/?utm_source=GMBlisting&utm_medium=organic&utm_campaign=sales","cheinz@heywardallentoyota.com","cheinz@heywardallentoyota.com","https://maps.google.com/?cid=7478018208613888599",4.8,8862,"Athens, GA"
"Ed Voyles Acura","5700 Peachtree Blvd, Chamblee, GA 30341, USA","(770) 452-8800","http://www.edvoylesacura.com/?utm_source=google&utm_medium=organic&utm_campaign=googlemybusiness","jelliott@edvoyles.com","jelliott@edvoyles.com","https://maps.google.com/?cid=18225583259556204942",4.8,5102,"Brookhaven, GA"
"Honda of Newnan","391 Newnan Crossing Bypass, Newnan, GA 30265, USA","(678) 552-2071","https://www.hondaofnewnan.com/?utm_source=weblistings&utm_medium=organic&utm_campaign=hendricklocallistings","hhninquiries@hendrickauto.com","hhninquiries@hendrickauto.com","https://maps.google.com/?cid=11997277514686126018",4.8,5049,"Newnan, GA"
"Five Star Nissan of Albany","1100 E Oglethorpe Blvd, Albany, GA 31705, USA","(229) 335-7596","https://www.nissanofalbany.com/?utm_source=google&utm_medium=organic&utm_campaign=google_my_business","sales@fivestarnissanalbany.edealerhub.com","sales@fivestarnissanalbany.edealerhub.com","https://maps.google.com/?cid=2244033001835115906",4.8,3660,"Albany, GA"
"Walsh Honda","2056 Eisenhower Pkwy, Macon, GA 31206, USA","(478) 788-4510","https://www.walshhonda.com/?utm_source=google&utm_medium=organic&utm_campaign=gbp","sales@walshhonda.edealerhub.com","sales@walshhonda.edealerhub.com","https://maps.google.com/?cid=13833365673852996581",4.8,3601,"Macon, GA"
"Phil Hughes Honda","3200 Atlanta Hwy, Athens, GA 30606, USA","(706) 247-7005","https://www.philhugheshonda.com/?utm_source=google_my_business&utm_medium=organic","sales@philhugheshonda.edealerhub.com","sales@philhugheshonda.edealerhub.com","https://maps.google.com/?cid=4929889000309000595",4.8,3170,"Athens, GA"
"Rainey Used Cars-Albany Oglethorpe","706 E Oglethorpe Blvd, Albany, GA 31705, USA","(229) 438-1873","http://www.raineyusedcars.com/?utm_source=googlemybusiness&utm_medium=organic","info@raineyga.com","info@raineyga.com","https://maps.google.com/?cid=4964846074093582584",4.8,3170,"Albany, GA"
"RBM of Alpharetta","345 McFarland Pkwy, Alpharetta, GA 30004, USA","(678) 637-2333","https://www.rbmofalpharetta.com/?utm_source=google&utm_medium=organic&utm_campaign=googlemybusiness","webleads@rbmofalpharetta.com","webleads@rbmofalpharetta.com","https://maps.google.com/?cid=8979650354249536613",4.8,2890,"Alpharetta, GA"
"Jim Hudson Acura","3520 Washington Rd, Martinez, GA 30907, USA","(706) 751-6579","https://jimhudsonacura.com/?utm_source=google&utm_medium=organic&utm_campaign=gbp&utm_content=main_website_link","contact@jimhudsonacura.com","contact@jimhudsonacura.com; hey@intice.com","https://maps.google.com/?cid=13888740915794111414",4.8,1949,"Augusta, GA"
"BMW of Columbus","6549 Whittlesey Blvd, Columbus, GA 31909, USA","(706) 917-4905","https://www.bmwofcolumbus.com/","georgia.simonds@bmwofcolumbus.com","georgia.simonds@bmwofcolumbus.com","https://maps.google.com/?cid=18327248085643411212",4.8,1828,"Columbus, GA"
"Mercedes-Benz of Macon","4781 Riverside Dr, Macon, GA 31210, USA","(478) 200-2306","https://www.mercedesbenzofmacon.com/?utm_source=google&utm_medium=organic&utm_campaign=google_my_business&utm_content=website_button","sales@mbvolvosubaru.edealerhub.com","sales@mbvolvosubaru.edealerhub.com","https://maps.google.com/?cid=18061685805470858111",4.8,1592,"Macon, GA"
"Jim Hudson Lexus Augusta","3410 Washington Rd, Augusta, GA 30907, USA","(706) 760-3340","https://www.augustalexus.com/?utm_source=google&utm_medium=organic&utm_campaign=gbp&utm_content=main_website_link","jimhudsonlexusaugusta@eleadtrack.net","jimhudsonlexusaugusta@eleadtrack.net","https://maps.google.com/?cid=15585757824140091614",4.8,1513,"Augusta, GA"
"Genesis of Kennesaw","2870 Barrett Lakes Blvd, Kennesaw, GA 30144, USA","(470) 374-5367","https://genesiskennesaw.com/?utm_source=GBP&utm_medium=Organic&utm_campaign=Sales+August%2025","ctompkins@genesisofkennesaw.com","ctompkins@genesisofkennesaw.com","https://maps.google.com/?cid=15430981732195866979",4.8,1009,"Kennesaw, GA"
"Acura of Columbus","6549 Whittlesey Blvd, Columbus, GA 31909, USA","(706) 917-4684","https://www.acuraofcolumbus.com/","sales@acuracolumbus.edealerhub.com","sales@acuracolumbus.edealerhub.com","https://maps.google.com/?cid=13966562100151651422",4.8,932,"Columbus, GA"
"Athens BMW","3040 Atlanta Hwy, Athens, GA 30606, USA","(706) 549-5340","https://www.athensbmw.com/?utm_source=google&utm_medium=organic&utm_campaign=googlemybusiness","jessica.sopson@athensbmw.com","jessica.sopson@athensbmw.com","https://maps.google.com/?cid=14513166947023769379",4.8,878,"Athens, GA"
"1 Owner Auto Sales","6150 Stewart Pkwy, Douglasville, GA 30135, USA","(770) 949-0440","https://inv3.1ownerautosales.net/","1ownerautosales@gmail.com","1ownerautosales@gmail.com; ls1owner@att.net","https://maps.google.com/?cid=15732250469920798113",4.8,813,"Douglasville, GA"
"Foster Auto Sales","5300 Hawkinsville Rd, Macon, GA 31216, USA","(478) 236-2075","https://www.fosterautosales.net/","dfoster@fosterautosales.net","dfoster@fosterautosales.net","https://maps.google.com/?cid=3630465790559784520",4.8,411,"Macon, GA"
"McDaniels Acura of Newnan","8000 McIntosh Pkwy, Newnan, GA 30263, USA","(470) 400-1197","https://www.mcdanielsacuraofnewnan.com/?utm_source=google&utm_medium=organic&utm_campaign=gmb-main","leads@mcdanielsnewnan.com","leads@mcdanielsnewnan.com","https://maps.google.com/?cid=15056011257897502697",4.8,323,"Newnan, GA"
"Bullock's Auto Sales","101 a Walden St NW, Wrens, GA 30833, USA","(706) 547-7767","http://www.bullocksauto.com/","bullocksautosales@gmail.com","bullocksautosales@gmail.com","https://maps.google.com/?cid=1577440138974248057",4.8,281,"Statesboro, GA"
"Mi Carro Auto Sales","3461 S Cobb Dr SE, Smyrna, GA 30080, USA","(770) 431-2083","http://micarroautosales.com/","micarroautosales@gmail.com","micarroautosales@gmail.com","https://maps.google.com/?cid=11644292009784411763",4.8,197,"Smyrna, GA"
"Merlin Auto Group","2882 Amwiler Rd, Atlanta, GA 30360, USA","(770) 790-5415","https://www.merlinautogroup.com/","sales@merlinautogroup.com","sales@merlinautogroup.com","https://maps.google.com/?cid=2114566620089336218",4.8,141,"Dunwoody, GA"
"J Martin Auto","75 Mulberry Commercial Pkwy Park, Richmond Hill, GA 31324, USA","(912) 445-0059","http://www.jmartinauto.com/","jmartinautobrokers@gmail.com","jmartinautobrokers@gmail.com","https://maps.google.com/?cid=11142262784177403369",4.8,91,"Hinesville, GA"
"Savannah Auto Trader","5124 Augusta Rd, Savannah, GA 31408, USA","(912) 921-2195","https://savannahautotrader.com/","info@savannahautotrader.com","info@savannahautotrader.com","https://maps.google.com/?cid=6612978785580478877",4.8,71,"Savannah, GA"
"1 Car For You Auto Sales LLC","5950 Crooked Creek Rd NW Suite #170A, Peachtree Corners, GA 30092, USA","(678) 791-6431","https://www.1morecar4you.com/","1carforyou3000@gmail.com","1carforyou3000@gmail.com","https://maps.google.com/?cid=7744740360772144067",4.8,24,"Johns Creek, GA"
"Turn and Burn Motors Griffin","910 W Taylor St, Griffin, GA 30224, USA","(678) 256-3023","https://turnandburnmotors.com/griffin-cars/?offer-type=griffin-trucks&current-page=1&sort-by=newest","turnandburnmotors@gmail.com","turnandburnmotors@gmail.com","https://maps.google.com/?cid=12965152917629967816",4.8,21,"Griffin, GA"
"Diverse Motors Auto Center","353 Memorial Dr, Hinesville, GA 31313, USA","(912) 432-8568","https://diversemotorsautocenter.com/","vin_dm@outlook.com","vin_dm@outlook.com","https://maps.google.com/?cid=11264418115966293638",4.8,21,"Hinesville, GA"
"Freedom Auto Sales","3298 US-27, Carrollton, GA 30117, USA","(678) 664-2686","https://drivefreedomautos.com/contact","daniel.brown@drivefreedomautos.com","daniel.brown@drivefreedomautos.com","https://maps.google.com/?cid=15968461161490362640",4.8,16,"Carrollton, GA"
"Rick Hendrick Chrysler Dodge Jeep RAM Duluth","2473 Pleasant Hill Rd, Duluth, GA 30096, USA","(678) 369-6704","https://www.hendrickcdjratlanta.com/?utm_source=weblistings&utm_medium=organic&utm_campaign=hendricklocallistings","gcj-managers@hendrickauto.com","gcj-managers@hendrickauto.com","https://maps.google.com/?cid=14201700079204207047",4.7,10389,"Duluth, GA"
"Rick Hendrick Buick GMC","3244 Commerce Ave NW, Duluth, GA 30096, USA","(770) 954-8718","https://www.rickhendrickbuickgmcatlanta.com/?utm_source=weblistings&utm_medium=organic&utm_campaign=hendricklocallistings","sunshine.dehass@hendrickauto.com","sunshine.dehass@hendrickauto.com","https://maps.google.com/?cid=8870525152009669791",4.7,8239,"Duluth, GA"
"Lowe Toyota of Warner Robins","375 S Houston Lake Rd, Warner Robins, GA 31088, USA","(478) 971-5693","https://www.lowetoyota.com/?utm_source=google&utm_medium=organic&utm_campaign=gbp_listing_main","jsmith@lowetoyota.com","jsmith@lowetoyota.com","https://maps.google.com/?cid=16574662621187377368",4.7,7410,"Warner Robins, GA"
"SONS Honda","105 Sons Dr, McDonough, GA 30253, USA","(470) 204-2530","https://www.sonshonda.com/?utm_source=google&utm_medium=organic&utm_campaign=gbp&utm_term=gbp","cmiller@sonsautogroup.com","cmiller@sonsautogroup.com","https://maps.google.com/?cid=2743904207662117391",4.7,6181,"McDonough, GA"
"Warner Robins Chrysler Dodge Jeep Ram FIAT","2817 Watson Blvd, Warner Robins, GA 31093, USA","(478) 306-1435","https://www.warnerrobinscdjr.com/?utm_source=google&utm_medium=organic&utm_campaign=google_my_business","csalinas@fivestaronline.net","csalinas@fivestaronline.net","https://maps.google.com/?cid=13034087821840351721",4.7,4825,"Warner Robins, GA"
"Five Star Ford of Warner Robins","900 Russell Pkwy, Warner Robins, GA 31088, USA","(478) 306-1617","https://www.fivestarfordga.com/?utm_source=google&utm_medium=organic&utm_campaign=google_my_business","erandolph@fivestaronline.net","erandolph@fivestaronline.net","https://maps.google.com/?cid=16776689968048900134",4.7,4073,"Warner Robins, GA"
"Grainger Nissan","1550 Chatham Pkwy, Garden City, GA 31408, USA","(912) 358-5858","https://www.graingernissan.com/","gnleads@graingernissan.com","gnleads@graingernissan.com","https://maps.google.com/?cid=12143939131256066030",4.7,2588,"Pooler, GA"
"Chatham Subaru","100 Kita Ave, Pooler, GA 31322, USA","(912) 330-2389","https://www.cpsubaru.com/?utm_source=google&utm_medium=organic&utm_campaign=gbp-main","shabeebullah@cptoyota.com","shabeebullah@cptoyota.com","https://maps.google.com/?cid=18355104174447764995",4.7,2255,"Pooler, GA"
"Mercedes-Benz of Athens","1886 Luxury Dr, Watkinsville, GA 30677, USA","(706) 549-6585","https://www.mercedesbenzofathens.com/?utm_source=google&utm_medium=organic&utm_campaign=google-my-business","nmbzvwathens@eleadtrack.net","nmbzvwathens@eleadtrack.net","https://maps.google.com/?cid=1544678534759477855",4.7,1711,"Athens, GA"
"Daniels Chevrolet GMC","365 E Main St, Swainsboro, GA 30401, USA","(478) 237-4111","https://www.danielschev.com/?utm_source=google&utm_medium=organic&utm_campaign=gbp","rich.daniels@danielschev.com","rich.daniels@danielschev.com","https://maps.google.com/?cid=12472801059150552058",4.7,791,"Statesboro, GA"
"Peach State Motors","5799 GA-92, Acworth, GA 30102, USA","(678) 273-3391","https://www.peachstatemotors.com/","lead@peachstatemotors.net","lead@peachstatemotors.net","https://maps.google.com/?cid=3243632938815521415",4.7,772,"Woodstock, GA"
"Georgia Luxury Automotive Smyrna","2972 Ask-Kay Dr, Smyrna, GA 30082, USA","(770) 431-0303","http://georgialuxuryautomotive.com/","f1smyrna@gmail.com","f1smyrna@gmail.com; glasmyrna@gmail.com; glaconcord@gmail.com; shellee.gla@gmail.com; glalively1@gmail.com; glaalpharetta@gmail.com","https://maps.google.com/?cid=9131568510009306068",4.7,714,"Smyrna, GA"
"Global Pre-Owned Auto Sales","320 Glynn St S, Fayetteville, GA 30214, USA","(770) 461-2080","http://www.globalpreownedauto.com/","pat@globalpreownedauto.com","pat@globalpreownedauto.com","https://maps.google.com/?cid=1016991508612660682",4.7,446,"Peachtree City, GA"
"Golf Rider","112 Huddleston Rd, Peachtree City, GA 30269, USA","(770) 631-0014","http://www.golfrider.com/","ex@mple.com","ex@mple.com","https://maps.google.com/?cid=14156697994457193091",4.7,313,"Peachtree City, GA"
"Lou Sobh Kia of Newnan","2905 E Hwy 34, Newnan, GA 30265, USA","(678) 578-4573","http://www.lousobhkianewnan.com/?utm_source=google&utm_medium=organic&utm_campaign=googlemybusiness","lskngeninfo@lousobhauto.com","lskngeninfo@lousobhauto.com","https://maps.google.com/?cid=15532412078351277059",4.7,296,"Peachtree City, GA"
"Sosa Automotive Group","1616 Atlanta Hwy, Gainesville, GA 30504, USA","(678) 943-8896","http://sosaauto.com/","buyasosa@sosaauto.com","buyasosa@sosaauto.com","https://maps.google.com/?cid=1006732935704203578",4.7,287,"Gainesville, GA"
"Carriage Used Cars","2350 Browns Bridge Rd, Gainesville, GA 30504, USA","(770) 536-0745","https://www.carriageusedcars.com/?utm_source=gmb&utm_medium=organic","contactus@carriageusedcars.com","contactus@carriageusedcars.com","https://maps.google.com/?cid=3529706659785278763",4.7,282,"Gainesville, GA"
"Sabrina Auto Sales","1512 Madison Hwy, Valdosta, GA 31601, USA","(229) 247-8412","http://www.sabrinaautosales.com/","sabrinaautosales@sabrinaautosales.com","sabrinaautosales@sabrinaautosales.com","https://maps.google.com/?cid=14335277236899527026",4.7,210,"Valdosta, GA"
"Jrs Autobuyers","1325 Union Hill Industrial Ct, Alpharetta, GA 30004, USA","(770) 751-9701","https://jrsautobuyers.com/","jrsautobuyers@yahoo.com","jrsautobuyers@yahoo.com","https://maps.google.com/?cid=12652454891234738054",4.7,140,"Alpharetta, GA"
"Southern Auto Brokers, Inc","1355 Londonderry Dr, Woodstock, GA 30188, USA","(770) 591-5991","http://www.southernautobrokers.com/","sabbrokers@aol.com","sabbrokers@aol.com","https://maps.google.com/?cid=17919758102279821231",4.7,140,"Woodstock, GA"
"Choice Automotive Group","1606 W Hill Ave, Valdosta, GA 31601, USA","(229) 244-2777","http://choiceautomotivegroup.com/","sales@choiceautomotivegroup.com","sales@choiceautomotivegroup.com","https://maps.google.com/?cid=14251862191450220177",4.7,108,"Valdosta, GA"
"Atlanta Prime Motors LLC.","2400 Lance Ct, Loganville, GA 30052, USA","(770) 554-2068","http://www.atlantaprimemotors.com/","atlantaprimemotors@gmail.com","atlantaprimemotors@gmail.com","https://maps.google.com/?cid=15745545227639333376",4.7,81,"Snellville, GA"
"Tokman Auto Sales","5659 Ogeechee Rd Lot B, Savannah, GA 31405, USA","(912) 677-1513","http://tokmanautosales.com/","tokman41@gmail.com","tokman41@gmail.com","https://maps.google.com/?cid=11200247819777565411",4.7,73,"Savannah, GA"
"Ridley Rides","1239D Russell Pkwy, Warner Robins, GA 31088, USA","(478) 551-4218","http://ridleyrides.com/","ridleyrides2020@gmail.com","ridleyrides2020@gmail.com","https://maps.google.com/?cid=5477439253773470313",4.7,69,"Warner Robins, GA"
"Rick Hendrick Chevrolet Atlanta","3277 Satellite Blvd, Duluth, GA 30096, USA","(678) 497-4598","https://www.hendrickatlanta.com/?utm_source=weblistings&utm_medium=organic&utm_campaign=hendricklocallistings","shon.phillips@hendrickauto.com","shon.phillips@hendrickauto.com","https://maps.google.com/?cid=1573896269233538611",4.6,13150,"Atlanta, GA"
"AutoNation Toyota Thornton Road","1000 Blairs Bridge Rd, Lithia Springs, GA 30122, USA","(770) 674-6082","https://www.autonationtoyotathorntonroad.com/?utm_source=local&utm_medium=organic&utm_campaign=*000012247*GMB","gm2224@autonation.com","gm2224@autonation.com","https://maps.google.com/?cid=5895391683844530371",4.6,9422,"Douglasville, GA"
"Jim Ellis Toyota of McDonough","144 Hwy 81, McDonough, GA 30253, USA","(770) 685-6704","https://www.jimellistoyota.com/?utm_source=google&utm_medium=organic&utm_campaign=gbp+sales","tomquote@jimellis.com","tomquote@jimellis.com","https://maps.google.com/?cid=10348294316851086258",4.6,6336,"McDonough, GA"
"Nalley Honda","4197 Jonesboro Rd, Union City, GA 30291, USA","(770) 756-8717","https://www.nalleyhonda.com/","leads@nalleyhondauc.com","leads@nalleyhondauc.com","https://maps.google.com/?cid=7608317864417713044",4.6,6311,"Union City, GA"
"O. C. Welch Ford","4920 Independence Blvd Hwy 278, Hardeeville, SC 29927, USA","(843) 288-0100","https://www.goseeocford.com/","support@ocwelchfordlincoln.com","support@ocwelchfordlincoln.com","https://maps.google.com/?cid=7379412277923572019",4.6,4300,"Savannah, GA"
"Athens Ford","4260 Atlanta Hwy, Athens, GA 30606, USA","(706) 521-0778","https://www.athensford.com/?utm_source=google&utm_medium=organic&utm_campaign=google-my-business","feedback@athensford.com","feedback@athensford.com","https://maps.google.com/?cid=12841039537284072047",4.6,4150,"Athens, GA"
"Riverside Toyota","131 US-411, Rome, GA 30161, USA","(706) 291-2886","https://www.riversidetoyota.com/?utm_source=GMBlisting&utm_medium=organic","johna@riversideautogroup.com","johna@riversideautogroup.com","https://maps.google.com/?cid=11820195289141063053",4.6,3708,"Rome, GA"
"Stone Mountain Volkswagen","3500 Stone Mountain Hwy, Snellville, GA 30078, USA","(678) 367-4286","https://www.stonemountainvw.com/?utm_source=google&utm_medium=organic&utm_campaign=google-my-business","sales@stonemountainvw.com","sales@stonemountainvw.com","https://maps.google.com/?cid=16332853233692768467",4.6,3647,"Snellville, GA"
"Carriage Kia of Woodstock","630 Olde Rope Mill Park Rd, Woodstock, GA 30188, USA","(678) 744-2000","https://www.carriagekiawoodstock.com/?utm_source=gmb&utm_medium=organic","wecare@carriagekiawoodstock.com","wecare@carriagekiawoodstock.com","https://maps.google.com/?cid=3874493868251353251",4.6,3461,"Woodstock, GA"
"Five Star Nissan","839 Warren Dr, Warner Robins, GA 31088, USA","(478) 306-1581","https://www.fivestarnissan.com/?utm_source=google&utm_medium=organic&utm_campaign=google_my_business","sales@fivestarnissanwr.edealerhub.com","sales@fivestarnissanwr.edealerhub.com; sgriffin@formationadvertising.com","https://maps.google.com/?cid=18119581866733796742",4.6,3225,"Warner Robins, GA"
"ALM Kennesaw","2255 Barrett Lakes Blvd, Kennesaw, GA 30144, USA","(678) 213-5700","https://www.almcars.com/location/alm-kennesaw.htm?utm_source=google&utm_medium=organic&utm_campaign=gmb","sales@almathens.com","sales@almathens.com; feedback@almcars.com","https://maps.google.com/?cid=17183869877464462780",4.6,2768,"Kennesaw, GA"
"ALM Newnan","40 International Park, Newnan, GA 30265, USA","(770) 767-0000","https://www.almcars.com/location/alm-newnan.htm?utm_source=google&utm_medium=organic&utm_campaign=gmb","sales@almathens.com","sales@almathens.com; feedback@almcars.com","https://maps.google.com/?cid=5922705195345685269",4.6,2749,"Peachtree City, GA"
"Scott Evans Nissan","725 Bankhead Hwy, Carrollton, GA 30117, USA","(770) 832-8222","https://www.scottevansnissanusa.com/?utm_source=google&utm_medium=organic&utm_campaign=googlemybusiness","sales@scottevansnissan.edealerhub.com","sales@scottevansnissan.edealerhub.com","https://maps.google.com/?cid=3099852571684293952",4.6,2301,"Carrollton, GA"
"Five Star Chrysler Dodge Jeep Ram Albany","701 E Oglethorpe Blvd, Albany, GA 31705, USA","(229) 381-8566","https://www.albanycdjrga.com/?utm_source=google&utm_medium=organic&utm_campaign=googlemybusiness","bhardison@fivestaronline.net","bhardison@fivestaronline.net","https://maps.google.com/?cid=17769874827537797117",4.6,2213,"Albany, GA"
"Troncalli CDJR","818 Atlanta Rd, Cumming, GA 30040, USA","(678) 244-4100","https://www.troncallichryslerdodgejeepram.com/?utm_source=google&utm_medium=organic&utm_campaign=gmb","sales@troncalli.com","sales@troncalli.com","https://maps.google.com/?cid=17118809700650381634",4.6,2209,"Johns Creek, GA"
"Franklin Toyota","500 Commerce Dr, Statesboro, GA 30461, USA","(912) 764-8090","https://www.franklintoyota.com/?utm_source=google&utm_medium=organic&utm_campaign=gmb","yourfriends@franklintoyotacrm.com","yourfriends@franklintoyotacrm.com","https://maps.google.com/?cid=1207709805823719204",4.6,1718,"Statesboro, GA"
"Butler Nissan","4500 Riverside Dr, Macon, GA 31210, USA","(478) 268-4480","https://www.butlernissan.com/?utm_source=google&utm_medium=organic&utm_campaign=gbp+sales","butlernissanga@eleadtrack.net","butlernissanga@eleadtrack.net","https://maps.google.com/?cid=5073933184477274166",4.6,1554,"Macon, GA"
"Automania, INC","1806 Veterans Memorial Hwy SW, Austell, GA 30168, USA","(770) 944-9558","http://www.automania.us/","sales@automania.us","sales@automania.us","https://maps.google.com/?cid=6528703725505769388",4.6,1337,"Smyrna, GA"
"John Thornton Buick GMC","1492 US-27, Carrollton, GA 30117, USA","(770) 832-9602","https://www.johnthorntonbuickgmc.com/","default@dealer.com","default@dealer.com","https://maps.google.com/?cid=2705963525210021966",4.6,1295,"Carrollton, GA"
"Langdale Honda of Valdosta","225 Norman Dr, Valdosta, GA 31601, USA","(229) 242-3835","https://www.langdalehonda.com/?utm_source=google&utm_medium=organic&utm_campaign=google_my_business","wkautzman@langdalehonda.com","wkautzman@langdalehonda.com","https://maps.google.com/?cid=15470374802663535294",4.6,1173,"Valdosta, GA"
"Hutchinson Kia of Albany","2875 Ledo Rd, Albany, GA 31707, USA","(229) 258-6015","https://www.hutchinsonkiaofalbany.com/?utm_source=google&utm_medium=organic&utm_campaign=googlemybusiness","david.dicecco@hutchinsonautogroup.com","david.dicecco@hutchinsonautogroup.com","https://maps.google.com/?cid=2736884831801619813",4.6,1026,"Albany, GA"
"Trinity Motorcar Company","1300 Dean Ave, Rome, GA 30161, USA","(706) 237-7668","http://www.honestcardeal.com/","powerpicker@gmail.com","powerpicker@gmail.com; trinitymotorcarcj@gmail.com; trinitymotorcarrome@gmail.com; adf_xml_2325@tecobirobot.com","https://maps.google.com/?cid=2269058604109329284",4.6,945,"Rome, GA"
"Metter Ford","125 Creek 28, Metter, GA 30439, USA","(912) 685-2141","https://www.metterford.com/?utm_source=google&utm_medium=organic&utm_campaign=gmb","daniel@metterford.com","daniel@metterford.com","https://maps.google.com/?cid=17329568503154529258",4.6,904,"Statesboro, GA"
"Atlanta Direct Auto","4321 Abbotts Bridge Rd, Duluth, GA 30097, USA","(770) 212-2223","https://www.atlantadirectauto.com/","atlantadirectauto@gmail.com","atlantadirectauto@gmail.com","https://maps.google.com/?cid=10126808216414679785",4.6,795,"Atlanta, GA"
"Cass Burch Chrysler Dodge Jeep Ram Quitman","801 E Screven St, Quitman, GA 31643, USA","(888) 603-1602","https://www.cassburchchryslerdodgejeep.com/","webleads@cassburch.com","webleads@cassburch.com","https://maps.google.com/?cid=2999729516076309952",4.6,451,"Valdosta, GA"
"O'Steen Volkswagen of Valdosta","4140 N Valdosta Rd, Valdosta, GA 31602, USA","(229) 242-9920","https://www.valdostavw.com/","info@osteenautogroup.com","info@osteenautogroup.com","https://maps.google.com/?cid=15976642003408760108",4.6,377,"Valdosta, GA"
"Stallion Motors","220 Temple Ave, Newnan, GA 30263, USA","(678) 673-6717","http://stallionmotorsusa.com/","stallionmotorsga@gmail.com","stallionmotorsga@gmail.com","https://maps.google.com/?cid=4841879533421907974",4.6,312,"Peachtree City, GA"
"Atlanta Car Cruiser","202 Buford Dr, Lawrenceville, GA 30046, USA","(770) 557-1008","https://atlantacarcruiser.com/contact","atlantacarcruiser@hotmail.com","atlantacarcruiser@hotmail.com","https://maps.google.com/?cid=13908664985018057274",4.6,261,"Lawrenceville, GA"
"Town & Country Motors","10465 Alpharetta St, Roswell, GA 30075, USA","(770) 998-0000","http://www.townandcountrymotors2.com/","tcmotors.sales@gmail.com","tcmotors.sales@gmail.com","https://maps.google.com/?cid=5095919225400318227",4.6,216,"Roswell, GA"
"Central Auto Sales","2677 E College Ave, Decatur, GA 30030, USA","(404) 377-2649","http://centralauto.com/","centralauto1975@gmail.com","centralauto1975@gmail.com","https://maps.google.com/?cid=11664932664114364346",4.6,157,"Brookhaven, GA"
"Riverside Nissan of Rome","1500 Veterans Memorial Hwy NE, Rome, GA 30161, USA","(706) 291-1981","http://www.riversidenissanofrome.com/?utm_source=GoogleMyBusiness&utm_medium=organic&utm_campaign=GMB","dennis@riversideautogroup.com","dennis@riversideautogroup.com","https://maps.google.com/?cid=4042094221176602538",4.6,145,"Rome, GA"
"South Atlanta Auto Sales","191 Greenville St S, Newnan, GA 30263, USA","(678) 416-7399","http://southatlantaautosales.com/","southatlautosales@gmail.com","southatlautosales@gmail.com","https://maps.google.com/?cid=12576003977209210584",4.6,123,"Newnan, GA"
"Greenbar Auto","3140 Broadway, Macon, GA 31206, USA","(478) 781-4010","http://greenbarnow.com/","frontdesk@greenbarnow.com","frontdesk@greenbarnow.com","https://maps.google.com/?cid=2494510205827882216",4.6,89,"Macon, GA"
"Critz Auto Group Pre-Owned Center","7000 Abercorn St, Savannah, GA 31406, USA","(912) 354-7000","https://www.critz.com/?utm_source=google&utm_medium=organic&utm_campaign=gbp+sales&utm_content=website","contact@critz.com","contact@critz.com","https://maps.google.com/?cid=2496496918609237181",4.6,58,"Savannah, GA"
"Tanger Outlets Savannah","200 Tanger Outlets Blvd, Pooler, GA 31322, USA","(912) 348-3125","https://www.tangeroutlet.com/savannah","tangersavannahmanagement@tangeroutlets.com","tangersavannahmanagement@tangeroutlets.com; tangerashevillemanagement@tanger.com; tangerlocustgrovemanagement@tangeroutlets.com; tangeratlanticcitymanagement@tangeroutlets.com; tangerbransonmanagement@tangeroutlets.com; tangercharlestonmanagement@tangeroutlets.com; tangercolumbusmanagement@tangeroutlets.com; tangercommercemanagement@tangeroutlets.com; tangercookstownmanagement@tanger.com; tangerdaytonabeachmanagement@tangeroutlets.com; tangerdeerparkmanagement@tangeroutlets.com; tangerfoleymanagement@tangeroutlets.com; fortworthmanagement@tangeroutlets.com; tangerfoxwoodsmanagement@tangeroutlets.com; tangergonzalesmanagement@tangeroutlets.com; tangergrandrapidsmanagement@tangeroutlets.com; tangerhersheymanagement@tangeroutlets.com; tangerhiltonheadmanagement@tangeroutlets.com; tangerhoustonmanagement@tangeroutlets.com; tangerkansascitymanagement@tanger.com; tangerlancastermanagement@tangeroutlets.com; tangermebanemanagement@tangeroutlets.com; tangermyrtlebeach17management@tangeroutlets.com; tangermyrtlebeach501management@tangeroutlets.com; tangernashvillemanagement@tanger.com; tangernationalharbormanagement@tangeroutlets.com; tangerottawamanagement@tanger.com; tangerwestpalmbeachmanagement@tanger.com; tangerwestgatemanagement@tangeroutlets.com; tangerpittsburghmanagement@tangeroutlets.com; tangerrehobothbeachmanagement@tangeroutlets.com; tangerriverheadmanagement@tangeroutlets.com; tangersanmarcosmanagement@tangeroutlets.com; tangerseviervillemanagement@tangeroutlets.com; tangermemphismanagement@tangeroutlets.com; tangertiltonmanagement@tangeroutlets.com","https://maps.google.com/?cid=16473390064820136930",4.5,11017,"Pooler, GA"
"Group 1 Ford of Rivertown","1680 Whittlesey Rd, Columbus, GA 31904, USA","(706) 653-7420","https://www.group1fordofrivertown.com/?utm_source=google&utm_medium=organic&utm_campaign=Homepage","leads@gpi.rivertownford.com","leads@gpi.rivertownford.com","https://maps.google.com/?cid=248362524553930175",4.5,6391,"Columbus, GA"
"Headquarter Nissan of Columbus","1725 Whittlesey Rd, Columbus, GA 31904, USA","(706) 225-8100","http://www.headquarternissan.com/?utm_source=GoogleMyBusiness&utm_medium=organic&utm_campaign=GMB","bchu@headquarternissan.com","bchu@headquarternissan.com","https://maps.google.com/?cid=4080691959490463851",4.5,5286,"Columbus, GA"
"Hayes Chrysler Dodge Jeep RAM of Lawrenceville","719 Duluth Hwy #120, Lawrenceville, GA 30046, USA","(770) 692-2756","http://www.hayeschryslerlawrenceville.com/?utm_source=google&utm_medium=organic&utm_campaign=google_my_business","hayeschryslerlawrenceville@newsales.leads.cmdlr.com","hayeschryslerlawrenceville@newsales.leads.cmdlr.com","https://maps.google.com/?cid=15407335194173961064",4.5,4693,"Lawrenceville, GA"
"SONS Kia","100 Sons Dr, McDonough, GA 30253, USA","(678) 619-1393","https://www.sonskia.com/?utm_source=google&utm_medium=organic&utm_campaign=gbp&utm_term=gbp","rwatkins@sonsautogroup.com","rwatkins@sonsautogroup.com","https://maps.google.com/?cid=1437172377806520341",4.5,4324,"McDonough, GA"
"Toyota of Newnan","2 Herring Rd, Newnan, GA 30265, USA","(470) 414-6364","https://www.toyotaofnewnan.com/?utm_source=google&utm_medium=organic&utm_campaign=googlemybusiness","info@toyotaofnewnan.com","info@toyotaofnewnan.com","https://maps.google.com/?cid=14498707086230887277",4.5,4001,"Peachtree City, GA"
"Kia AutoSport of Columbus","7041 Whittlesey Blvd, Columbus, GA 31909, USA","(706) 341-4444","https://www.kiaautosportcolumbus.com/?utm_source=google&utm_medium=organic&utm_campaign=gbp","kiaautosportofcolumbus@newsales.leads.cmdlr.com","kiaautosportofcolumbus@newsales.leads.cmdlr.com","https://maps.google.com/?cid=2556149304174117728",4.5,3932,"Columbus, GA"
"Heritage Volkswagen","4305 Jonesboro Rd, Union City, GA 30291, USA","(770) 758-9480","https://www.atlantavolkswagen.com/?utm_source=GMB+Main+Listing&utm_medium=organic","ingy@ehautomotive.com","ingy@ehautomotive.com","https://maps.google.com/?cid=5875037674517212399",4.5,3914,"Peachtree City, GA"
"Hayes Chrysler Dodge Jeep RAM of Gainesville","3115 Frontage Rd, Gainesville, GA 30504, USA","(770) 334-4725","https://www.hayeschryslergainesville.com/","smcdonald@hayesauto.net","smcdonald@hayesauto.net","https://maps.google.com/?cid=18144982850776412453",4.5,3830,"Gainesville, GA"
"Five Star Ford Stone Mountain","3800 US-78, Snellville, GA 30039, USA","(678) 405-1978","https://www.fivestarfordsm.com/?utm_source=google&utm_medium=organic&utm_campaign=google_my_business","ben.gaff@fivestaronline.net","ben.gaff@fivestaronline.net","https://maps.google.com/?cid=9523819906149241996",4.5,3705,"Snellville, GA"
"Palmer Dodge Chrysler Jeep Ram","11460 Alpharetta Hwy, Roswell, GA 30076, USA","(770) 410-1111","https://www.palmerdodgegeorgia.com/?utm_source=google&utm_medium=organic&utm_campaign=gmb","palmerdcj@eleadtrack.net","palmerdcj@eleadtrack.net","https://maps.google.com/?cid=12239341858555101724",4.5,3625,"Roswell, GA"
"AutoNation Honda Columbus","3000 N Lake Pkwy, Columbus, GA 31909, USA","(706) 522-2090","https://www.autonationhondacolumbus.com/?utm_source=local&utm_medium=organic&utm_campaign=*000012247*GMB","gm2292@autonation.com","gm2292@autonation.com","https://maps.google.com/?cid=1465200127510225170",4.5,2725,"Columbus, GA"
"Scott Evans Chrysler Dodge Jeep Ram","2280 Bankhead Hwy, Carrollton, GA 30116, USA","(770) 834-5050","https://www.scottevanschryslerdodgejeep.com/?utm_source=google&utm_medium=organic&utm_campaign=googlemybusiness","skylerevans05@gmail.com","skylerevans05@gmail.com","https://maps.google.com/?cid=1858331800380292857",4.5,2113,"Carrollton, GA"
"AutoNation Hyundai Columbus","3000 N Lake Pkwy #200, Columbus, GA 31909, USA","(706) 522-2083","https://www.autonationhyundaicolumbus.com/?&utm_source=local&utm_medium=organic&utm_campaign=*000012247*GMB","accessibility@hmausa.com","accessibility@hmausa.com; gm2255@autonation.com","https://maps.google.com/?cid=11802710715213441037",4.5,1733,"Columbus, GA"
"Global Imports MINI","5925 Peachtree Blvd, Chamblee, GA 30341, USA","(888) 339-1319","https://www.atlantamini.com/?utm_source=google&utm_campaign=GoogleLocalListing&utm_medium=organic","sales@globalmini.edealerhub.com","sales@globalmini.edealerhub.com","https://maps.google.com/?cid=7523450578463434686",4.5,1641,"Chamblee, GA"
"Volkswagen of Macon","4786 Riverside Dr, Macon, GA 31210, USA","","https://www.vwofmacon.com/?utm_source=google&utm_medium=organic&utm_campaign=google_my_business&utm_content=website_button","sales@volkswagenofmacon.edealerhub.com","sales@volkswagenofmacon.edealerhub.com","https://maps.google.com/?cid=15022945799007938358",4.5,1613,"Macon, GA"
"Subaru of Kennesaw","905 Ernest W Barrett Pkwy NW, Kennesaw, GA 30144, USA","(770) 419-9800","https://www.subaruofkennesaw.com/?utm_source=GMB+Main+Listing&utm_medium=organic","lkaissieh@subaruofkennesaw.com","lkaissieh@subaruofkennesaw.com","https://maps.google.com/?cid=1044900025630258283",4.5,1544,"Kennesaw, GA"
"Sports & Imports Auto Sales","620 Jesse Jewell Pkwy, Gainesville, GA 30501, USA","(678) 450-1000","https://www.spoimpo.com/?utm_source=googlemybusiness&utm_medium=organic","approvals@spoimpo.com","approvals@spoimpo.com","https://maps.google.com/?cid=3794177913548198707",4.5,1484,"Gainesville, GA"
"Autonomous Kennesaw","2679 Barrett Lakes Blvd, Kennesaw, GA 30144, USA","(470) 427-5300","https://www.autonomousjoy.com/?utm_source=google&utm_medium=organic&utm_campaign=gbp_autonomous","ecars4less@gmail.com","ecars4less@gmail.com","https://maps.google.com/?cid=10882738046960691260",4.5,1417,"Kennesaw, GA"
"ALM CDJR Perry","100 Iffie Rd, Perry, GA 31069, USA","(478) 988-8444","https://www.almcdjrperry.com/?utm_source=google&utm_medium=organic&utm_campaign=gbp","sales@almcdjrperry.com","sales@almcdjrperry.com","https://maps.google.com/?cid=5710987337914797729",4.5,1393,"Warner Robins, GA"
"Kyle Durrence Chevrolet GMC","7334 US-280, Claxton, GA 30417, USA","(912) 739-1744","https://www.kyledurrence.com/","larry@kyledurrence.com","larry@kyledurrence.com","https://maps.google.com/?cid=3927758747239380168",4.5,1242,"Statesboro, GA"
"Liberty Chevrolet","105 Cooley Way, Villa Rica, GA 30180, USA","(770) 609-5900","https://www.libertychevroletusa.com/?utm_source=GMB&utm_medium=organic","leads@libertychevroletusa.motorsnap.com","leads@libertychevroletusa.motorsnap.com","https://maps.google.com/?cid=13634320567977230782",4.5,982,"Carrollton, GA"
"Valdosta Nissan","3715 Inner Perimeter Rd, Valdosta, GA 31602, USA","(229) 234-6780","https://www.valdostanissan.com/?utm_source=google&utm_medium=organic&utm_campaign=google_my_business&utm_content=website_link","info@tkovaldosta.com","info@tkovaldosta.com","https://maps.google.com/?cid=18006027813299002573",4.5,858,"Valdosta, GA"
"AutoNation USA Kennesaw","2275 Barrett Lakes Blvd NW, Kennesaw, GA 30144, USA","(770) 927-7754","https://www.autonationusa.com/dealership/kennesaw.htm?&utm_source=local&utm_medium=organic&utm_campaign=*000012247*GMB","marketingsupport@autonation.com","marketingsupport@autonation.com","https://maps.google.com/?cid=5222703229447046765",4.5,757,"Kennesaw, GA"
"Hennessy Lincoln Atlanta","5675 Peachtree Industrial Blvd Building 2, Chamblee, GA 30341, USA","(833) 734-8721","https://www.hennessylincolnatlanta.com/?utm_source=google&utm_medium=organic&utm_campaign=GMBSales","aregan@hennessycars.com","aregan@hennessycars.com","https://maps.google.com/?cid=9192704611944447928",4.5,745,"Dunwoody, GA"
"Motorvation Atlanta","1244 Techwood Dr NW, Atlanta, GA 30318, USA","(404) 872-6920","https://www.motorvationatlanta.com/","info@motorvationatlanta.com","info@motorvationatlanta.com","https://maps.google.com/?cid=10807050215593612186",4.5,649,"Atlanta, GA"
"Five Star Hyundai of Albany","711 E Oglethorpe Blvd, Albany, GA 31705, USA","(229) 518-2472","https://www.fivestarhyundaialbany.com/?utm_source=google&utm_medium=organic&utm_campaign=google_my_business","bhardison@fivestaronline.net","bhardison@fivestaronline.net","https://maps.google.com/?cid=14921034278386217869",4.5,502,"Albany, GA"
"World Auto","2960 Satellite Blvd, Duluth, GA 30096, USA","(770) 921-2775","http://www.worldautobrokers.com/","sales@worldautobrokers.com","sales@worldautobrokers.com","https://maps.google.com/?cid=5250253564251051735",4.5,408,"Johns Creek, GA"
"Don Rich Ford Co Inc","221 E Montgomery St, Villa Rica, GA 30180, USA","(770) 459-5132","https://www.donrichford.com/?utm_source=gmbsls&utm_medium=social&mcmid=gmbsls","donrichfordcoinc@gmail.com","donrichfordcoinc@gmail.com","https://maps.google.com/?cid=2868124658322378547",4.5,383,"Douglasville, GA"
"Albany Motorcars","805 E Oglethorpe Blvd, Albany, GA 31705, USA","(229) 304-1737","https://www.albanymotorcarsonline.com/?utm_source=google&utm_medium=organic&utm_campaign=gbp_sales","kjohnson@albanymotorcars.com","kjohnson@albanymotorcars.com","https://maps.google.com/?cid=338026596339086394",4.5,311,"Albany, GA"
"Metro Auto Mart","392 N Expy, Griffin, GA 30223, USA","(770) 228-3500","https://metro-automart.com/","bryan@metro-automart.com","bryan@metro-automart.com","https://maps.google.com/?cid=14183830993284080241",4.5,231,"Griffin, GA"
"Z & Z Fine Cars ATL LLC","9701 Tara Blvd, Jonesboro, GA 30236, USA","(678) 490-6660","http://www.zzfinecarsatl.com/","zzsalesatl@gmail.com","zzsalesatl@gmail.com","https://maps.google.com/?cid=3688075990934676189",4.5,216,"Stockbridge, GA"
"Georgia Auto Exchange of Valdosta LLC","2300 Bemiss Rd, Valdosta, GA 31602, USA","(229) 245-9902","https://georgiaautoexchange.com/","bocaldwell@georgiaautoexchange.com","bocaldwell@georgiaautoexchange.com","https://maps.google.com/?cid=1638390530013346315",4.5,155,"Valdosta, GA"
"Countryside Pre-Owned Super Center","846 E 3rd St, Jackson, GA 30233, USA","(877) 243-2891","http://www.countrysidepre-owned.com/","dealer@countrysidepreownedsupercenter.com","dealer@countrysidepreownedsupercenter.com","https://maps.google.com/?cid=13926804096992581190",4.5,149,"Griffin, GA"
"Xtreme Auto Motors","4031 Washington Rd, Martinez, GA 30907, USA","(706) 855-5050","http://www.xtremeautomotors.com/","xtremeautomotors@gmail.com","xtremeautomotors@gmail.com","https://maps.google.com/?cid=3637169520223104184",4.5,147,"Augusta, GA"
"Southtowne Cadillac","695 Bullsboro Dr Building A, Newnan, GA 30265, USA","(762) 227-4793","https://www.southtownecadillac.com/?utm_source=google&utm_medium=organic&utm_campaign=gbp&utm_term=gbp","leads@southtowneyourdealerforlife.com","leads@southtowneyourdealerforlife.com","https://maps.google.com/?cid=8935502715985495935",4.5,146,"Newnan, GA"
"Ez Rider Auto Sales","3370 Victory Dr, Columbus, GA 31903, USA","(706) 221-0888","http://ezriderauto.com/","ezriderauto@gmail.com","ezriderauto@gmail.com","https://maps.google.com/?cid=15418138940939685562",4.5,84,"Columbus, GA"
"World Class Auto Sales","4503 Ogeechee Rd, Savannah, GA 31405, USA","(912) 200-4711","http://www.worldclassbrokers.com/","omar.a@worldclassbrokers.com","omar.a@worldclassbrokers.com","https://maps.google.com/?cid=9611999952261477933",4.5,77,"Savannah, GA"
"Tanzo Motors LLC","5028 Augusta Rd, Savannah, GA 31408, USA","(912) 231-3739","http://www.tanzomotors.com/","rocky.pacifico@gmail.com","rocky.pacifico@gmail.com","https://maps.google.com/?cid=17427162508849862827",4.5,39,"Savannah, GA"
"Univeter Motors","3080 Univeter Rd, Canton, GA 30115, USA","(770) 345-6571","http://univetermotors.com/","jerry@jerrydennis.com","jerry@jerrydennis.com","https://maps.google.com/?cid=16716349328368950105",4.5,37,"Canton, GA"
"Dalton Auto Center","1909 Abutment Rd, Dalton, GA 30721, USA","(470) 534-7109","http://www.daltonautocenter.com/","daltonautocenter@gmail.com","daltonautocenter@gmail.com","https://maps.google.com/?cid=8060898150111352333",4.5,23,"Dalton, GA"
"Moss Motors","2704 N Slappey Blvd, Albany, GA 31701, USA","(229) 405-1780","https://mossmotorsllc.com/","mossmotorsllc@gmail.com","mossmotorsllc@gmail.com","https://maps.google.com/?cid=5003733006272946176",4.5,8,"Albany, GA"
"Ed Voyles Chrysler, Dodge, Jeep, Ram of Marietta","789 Cobb Pkwy SE, Marietta, GA 30060, USA","(470) 231-2758","https://www.edvoyleschryslerjeep.net/?utm_campaign=google_my_business&utm_medium=organic&utm_source=google","jhigham@edvoyles.com","jhigham@edvoyles.com","https://maps.google.com/?cid=3605283162702481820",4.4,5954,"Marietta, GA"
"Hennessy Ford Atlanta","5675 Peachtree Blvd, Atlanta, GA 30341, USA","(470) 602-2073","https://www.hennessyford.com/?utm_source=google&utm_medium=organic&utm_campaign=GMBSales","google@hennessycars.com","google@hennessycars.com; amber@hennessyford.com","https://maps.google.com/?cid=6982834492382766855",4.4,5639,"Atlanta, GA"
"Curry Honda Georgia","5525 Peachtree Industrial Blvd, Chamblee, GA 30341, USA","(770) 676-3852","https://www.curryhondaga.com/?utm_source=google&utm_medium=organic&utm_campaign=google_my_business&utm_content=sales","gachahon_leads@lithia.com","gachahon_leads@lithia.com","https://maps.google.com/?cid=11248987696336509694",4.4,5509,"Brookhaven, GA"
"Gwinnett Place Nissan","2555 Pleasant Hill Rd, Duluth, GA 30096, USA","(678) 515-9330","https://www.gwinnettplacenissan.com/?utm_source=google&utm_medium=listing&utm_campaign=google-my-business","sales@gwinnettplacenissan.com","sales@gwinnettplacenissan.com","https://maps.google.com/?cid=8918669910538371038",4.4,4634,"Duluth, GA"
"Atlanta Best Used Cars","5141 Buford Hwy NE, Peachtree Corners, GA 30071, USA","(770) 800-5000","https://www.atlantabestusedcars.com/?utm_source=google&utm_medium=organic&utm_campaign=google_my_business","internetleads@atlantabestusedcars.net","internetleads@atlantabestusedcars.net","https://maps.google.com/?cid=13455723736891621190",4.4,4627,"Atlanta, GA"
"Nalley Toyota Union City","4115 Jonesboro Rd, Union City, GA 30291, USA","(770) 284-8361","https://www.toyotaofunioncity.com/","toyotadigital@asburyauto.com","toyotadigital@asburyauto.com","https://maps.google.com/?cid=3132968544135117055",4.4,4413,"Peachtree City, GA"
"Carl Black Chevrolet Buick GMC","1110 Roberts Blvd, Kennesaw, GA 30144, USA","(888) 457-2417","https://www.carlblackkennesaw.com/?utm_source=local&utm_medium=organic&utm_campaign=gmb","tim@carlblackmedia.com","tim@carlblackmedia.com","https://maps.google.com/?cid=811922930944477692",4.4,3609,"Kennesaw, GA"
"Southtowne Chevrolet Buick GMC","695 Bullsboro Dr, Newnan, GA 30265, USA","(678) 619-4902","https://www.southtownechevrolet.com/?utm_source=google&utm_medium=organic&utm_campaign=gbp&utm_term=gbp","leads@southtownemotors.motosnap.com","leads@southtownemotors.motosnap.com","https://maps.google.com/?cid=6932750565898853678",4.4,3528,"Peachtree City, GA"
"Jim Ellis Ford Sandy Springs","7555 Roswell Rd, Atlanta, GA 30350, USA","(470) 888-7466","https://www.jimellisford.com/?utm_medium=organic&utm_source=GMBlisting&utm_campaign=fordsales","fordquote@jimellis.com","fordquote@jimellis.com","https://maps.google.com/?cid=8949237720974070173",4.4,3480,"Sandy Springs, GA"
"ALM Marietta","1071 Cobb Pkwy SE, Marietta, GA 30060, USA","(678) 621-2977","https://www.almcars.com/location/alm-marietta.htm?utm_source=google&utm_medium=organic&utm_campaign=gmb","sales@almathens.com","sales@almathens.com; feedback@almcars.com","https://maps.google.com/?cid=4906224882514064475",4.4,3331,"Marietta, GA"
"ALM Gwinnett","2520 Pleasant Hill Rd, Duluth, GA 30096, USA","(678) 621-0418","https://www.almcars.com/location/alm-gwinnett.htm?utm_source=google&utm_medium=organic&utm_campaign=gmb","sales@almathens.com","sales@almathens.com; feedback@almcars.com","https://maps.google.com/?cid=10618901663892028043",4.4,3285,"Johns Creek, GA"
"AutoNation Hyundai Savannah","7011 Abercorn St, Savannah, GA 31406, USA","(912) 999-4977","https://www.autonationhyundaisavannah.com/?utm_source=local&utm_medium=organic&utm_campaign=*000012247*GMB","sales@autonationhyundaisavannah.edealerhub.com","sales@autonationhyundaisavannah.edealerhub.com; accessibility@hmausa.com","https://maps.google.com/?cid=10357199687079318979",4.4,3156,"Savannah, GA"
"Hutchinson Kia of Macon","3931 River Pl Dr, Macon, GA 31210, USA","(478) 310-6130","https://www.kiaofmacon.com/?utm_source=google&utm_medium=organic&utm_campaign=googlemybusiness","steven.winters@hutchinsonautogroup.com","steven.winters@hutchinsonautogroup.com","https://maps.google.com/?cid=17061622540703145238",4.4,2736,"Macon, GA"
"Hennessy Honda of Woodstock","8931 GA-92, Woodstock, GA 30189, USA","(888) 379-2097","http://www.hennessyhonda.com/?utm_source=google&utm_medium=organic&utm_campaign=GMBSales","sales@hennessyhondaofwoodstock.edealerhub.com","sales@hennessyhondaofwoodstock.edealerhub.com; google@hennessycars.com","https://maps.google.com/?cid=18360168785957071359",4.4,2633,"Woodstock, GA"
"Ed Voyles Kia of Chamblee","5647 Peachtree Blvd, Chamblee, GA 30341, USA","(770) 234-7800","http://www.edvoyleskiachamblee.com/?utm_source=gmb_listing&utm_medium=organic&utm_campaign=mainbutton","jelliott@edvoyles.com","jelliott@edvoyles.com","https://maps.google.com/?cid=7343032995175037074",4.4,2631,"Brookhaven, GA"
"Southtowne Hyundai of Newnan","800 Bullsboro Dr, Newnan, GA 30263, USA","(770) 253-1407","https://www.southtownehyundai.com/?utm_source=google&utm_medium=organic&utm_campaign=gbp&utm_term=gbp","aregan@southtowne.com","aregan@southtowne.com","https://maps.google.com/?cid=17561172712439151903",4.4,2463,"Newnan, GA"
"RideNow Powersports McDonough","755 Industrial Blvd, McDonough, GA 30253, USA","(770) 829-0554","https://www.ridenowmcdonough.com/?utm_source=google&utm_medium=organic&utm_campaign=gmb","sales@freedompowersportsofmcdonough.edealerhub.com","sales@freedompowersportsofmcdonough.edealerhub.com; hcarnicom@fps-us.com","https://maps.google.com/?cid=2202512509238280248",4.4,1944,"McDonough, GA"
"El Compadre Trucks","5690 Buford Hwy NE, Atlanta, GA 30340, USA","(770) 455-3000","http://www.elcompadretrucks.com/","elcompadretrucks@gmail.com","elcompadretrucks@gmail.com","https://maps.google.com/?cid=5820027311468748427",4.4,1845,"Dunwoody, GA"
"ALM Roswell","891 Mansell Rd, Roswell, GA 30076, USA","(678) 292-2000","https://www.almcars.com/location/alm-roswell.htm?utm_source=google&utm_medium=organic&utm_campaign=gmb","sales@almathens.com","sales@almathens.com; feedback@almcars.com","https://maps.google.com/?cid=8703429212629340535",4.4,1465,"Sandy Springs, GA"
"RBM of Atlanta, Inc.","7640 Roswell Rd, Atlanta, GA 30350, USA","(770) 390-0700","https://www.rbmofatlanta.com/?utm_source=google&utm_medium=organic&utm_campaign=google_my_business&utm_content=website_button","sales@rbmofatlanta.com","sales@rbmofatlanta.com","https://maps.google.com/?cid=12921392274730515841",4.4,1170,"Sandy Springs, GA"
"AutoNation Volkswagen Columbus","3000 N Lake Pkwy #300, Columbus, GA 31909, USA","(706) 522-2148","https://www.autonationvolkswagencolumbus.com/?&utm_source=local&utm_medium=organic&utm_campaign=*000012247*GMB","gm2293@autonation.com","gm2293@autonation.com","https://maps.google.com/?cid=5837202206290059162",4.4,1142,"Columbus, GA"
"Paul Thigpen Chevrolet GMC","100 Semco Dr, Vidalia, GA 30474, USA","(912) 386-0202","https://www.paulthigpenchevy.com/?utm_source=google&utm_medium=organic&utm_campaign=gbp&utm_term=main","landerson@paulthigpenchevy.com","landerson@paulthigpenchevy.com","https://maps.google.com/?cid=11894870526206308339",4.4,911,"Statesboro, GA"
"Cronic Nissan","2624 N Expy, Griffin, GA 30223, USA","(678) 272-5965","https://www.cronicnissan.net/?utm_source=GMBListing&utm_medium=organic&utm_campaign=googlebusinessprofile","sales@cronicnissan.edealerhub.com","sales@cronicnissan.edealerhub.com","https://maps.google.com/?cid=16422212644956749548",4.4,773,"Griffin, GA"
"Statesboro Powersports Inc.","22681 US-80, Statesboro, GA 30461, USA","(912) 764-2547","https://statesboropowersports.org/","ex@mple.com","ex@mple.com","https://maps.google.com/?cid=2698510908383437154",4.4,429,"Statesboro, GA"
"James O'Neal Chrysler Dodge Jeep Ram","1634 US-27, Bremen, GA 30110, USA","(770) 796-7038","https://www.jamesonealchryslerdodgejeep.com/?utm_campaign=GBP_website_button&utm_medium=organic&utm_source=google","cody@onealram.com","cody@onealram.com","https://maps.google.com/?cid=4817019090455813386",4.4,413,"Carrollton, GA"
"BMW of Albany","801 E Oglethorpe Blvd, Albany, GA 31705, USA","(229) 883-2040","https://www.bmwofalbany.com/?utm_source=google&utm_medium=organic&utm_campaign=gbp_sales","info@bmwofalbany.com","info@bmwofalbany.com","https://maps.google.com/?cid=7057447475008591996",4.4,322,"Albany, GA"
"Interstate Auto Sales of Warner Robins","1856 Watson Blvd, Warner Robins, GA 31093, USA","(478) 236-1300","http://interstateridesofwr.com/","interstateautowr@gmail.com","interstateautowr@gmail.com; autointerstate@att.net; interstateautosalesbyron@gmail.com; interstatemacon@gmail.com; interstateas8@gmail.com","https://maps.google.com/?cid=4249955128369621868",4.4,284,"Warner Robins, GA"
"Awah Auto Sales Inc","5455 GA-20 suite c, Loganville, GA 30052, USA","(470) 237-6160","https://awahautosales.com/","awahautosale@gmail.com","awahautosale@gmail.com","https://maps.google.com/?cid=16731474295906156239",4.4,277,"Snellville, GA"
"Jacky Jones Sales and Service","2407 Browns Bridge Rd, Gainesville, GA 30504, USA","(770) 536-8875","https://www.jackyjonessales.com/","jgreene@jackyjones.net","jgreene@jackyjones.net","https://maps.google.com/?cid=9912501879116331237",4.4,245,"Gainesville, GA"
"John Thornton Cadillac","1492 N Park St, Carrollton, GA 30117, USA","(770) 832-9602","https://www.johnthorntoncadillac.com/?utm_source=Google&utm_medium=organic&utm_campaign=Website-GMB","sales@johnthorntoncadillacbuickgmc.edealerhub.com","sales@johnthorntoncadillacbuickgmc.edealerhub.com","https://maps.google.com/?cid=6510538451612862618",4.4,233,"Carrollton, GA"
"CarsCatch Used Car Sales","7286 GA-92, Woodstock, GA 30189, USA","(678) 400-3323","http://www.carscatch.com/","info@carscatch.com","info@carscatch.com","https://maps.google.com/?cid=7496432057498028346",4.4,231,"Woodstock, GA"
"R & R Auto Sales","2849 Savannah Hwy, Jesup, GA 31545, USA","(912) 427-8880","https://rrautosalesinc.com/inventory","rrautosalesinc@outlook.com","rrautosalesinc@outlook.com","https://maps.google.com/?cid=6578166983745548237",4.4,90,"Hinesville, GA"
"Azalea City Auto Sales & Service LLC","401 E Gordon St, Valdosta, GA 31601, USA","(229) 293-7337","http://azaleacityautosales.net/","mhenkels@azaleacityautosales.net","mhenkels@azaleacityautosales.net","https://maps.google.com/?cid=11414478059968062686",4.4,54,"Valdosta, GA"
"C & C Auto Sales","301b N Park St, Carrollton, GA 30117, USA","(770) 836-8987","http://www.candcautosales.net/","osmaniftikhar95@gmail.com","osmaniftikhar95@gmail.com","https://maps.google.com/?cid=2565978360051216427",4.4,13,"Carrollton, GA"
"Honda South","6871 Mt Zion Blvd, Morrow, GA 30260, USA","(770) 919-5908","https://www.hondasouth.com/","timothy.springer@hondasouth.com","timothy.springer@hondasouth.com","https://maps.google.com/?cid=6084805968468676353",4.3,4081,"McDonough, GA"
"AutoNation Honda Thornton Road","1979 Thornton Rd, Lithia Springs, GA 30122, USA","(770) 674-6078","https://www.autonationhondathorntonroad.com/?utm_source=local&utm_medium=organic&utm_campaign=*000012247*GMB","gm2489@autonation.com","gm2489@autonation.com","https://maps.google.com/?cid=15656371691116833280",4.3,3670,"Douglasville, GA"
"ALM Nissan Newnan","783 Bullsboro Dr, Newnan, GA 30265, USA","(770) 525-3282","https://www.almnissannewnan.com/?utm_source=google&utm_medium=organic&utm_campaign=gbp","sales@almnissannewnan.com","sales@almnissannewnan.com","https://maps.google.com/?cid=13031496450449807127",4.3,3045,"Peachtree City, GA"
"Calavan Chrysler Dodge Jeep RAM","1251 Thornton Rd, Lithia Springs, GA 30122, USA","(770) 942-1102","https://www.calavancdjrwest.com/?utm_source=google&utm_medium=organic&utm_campaign=gbp+sales","leads@cdjrsales.calavancars.com","leads@cdjrsales.calavancars.com","https://maps.google.com/?cid=6447250397301551798",4.3,2772,"Douglasville, GA"
"Automax Atlanta","5034 Lawrenceville Hwy, Lilburn, GA 30047, USA","(404) 454-0000","http://www.automaxatlanta.com/","sales@automaxatlanta.com","sales@automaxatlanta.com","https://maps.google.com/?cid=15829361824486012337",4.3,2429,"Atlanta, GA"
"Krause Family Ford","195 Woodstock Pkwy, Woodstock, GA 30188, USA","(770) 809-1030","https://www.krausefamilyford.com/?utm_source=google&utm_medium=organic&utm_campaign=gmb%20listing","mobileservice@krausefamilyford.com","mobileservice@krausefamilyford.com","https://maps.google.com/?cid=6514441756289189379",4.3,2299,"Woodstock, GA"
"AutoNation Chrysler Dodge Jeep RAM South Columbus","2201 Victory Dr, Columbus, GA 31901, USA","(706) 522-2089","https://www.autonationchryslerdodgejeepramsouthcolumbus.com/?&utm_source=local&utm_medium=organic&utm_campaign=*000012247*GMB","gm2278@autonation.com","gm2278@autonation.com","https://maps.google.com/?cid=153977564686625868",4.3,2105,"Columbus, GA"
"Jim Ellis Buick GMC Atlanta","5862 Peachtree Blvd, Atlanta, GA 30341, USA","(770) 676-3287","https://www.jimellisbuickgmcatlanta.com/?utm_medium=organic&utm_source=GMBlisting&utm_campaign=buickgmcsales","bmcloughlin@jimellis.com","bmcloughlin@jimellis.com","https://maps.google.com/?cid=11029452765999252978",4.3,2065,"Dunwoody, GA"
"Franklin Chevrolet GMC","106 Northside Dr E, Statesboro, GA 30458, USA","(912) 225-0449","https://www.franklinmotorgroup.com/?utm_source=GBP&utm_medium=organic","adoyle@franklinchevrolet.com","adoyle@franklinchevrolet.com","https://maps.google.com/?cid=8236033920217143151",4.3,1882,"Statesboro, GA"
"Jim Ellis Automotive Group","5855 Peachtree Blvd, Atlanta, GA 30341, USA","(770) 458-6811","https://www.jimellis.com/","shanew@jimellis.com","shanew@jimellis.com","https://maps.google.com/?cid=1005701968134927551",4.3,1193,"Sandy Springs, GA"
"Cronic Chrysler Dodge Jeep Ram","2515 N Expy, Griffin, GA 30223, USA","(470) 765-4787","https://www.cronicchryslerdodgejeepram.com/?utm_source=GMB_Listing&utm_medium=organic","rlewis@croniccars.com","rlewis@croniccars.com","https://maps.google.com/?cid=4585784672540843601",4.3,1144,"McDonough, GA"
"Rincon Chevrolet","5480 GA-21, Rincon, GA 31326, USA","(866) 349-1775","https://www.rinconchevrolet.com/","tlittles@rinconchevrolet.com","tlittles@rinconchevrolet.com","https://maps.google.com/?cid=11171067849587778618",4.3,1053,"Pooler, GA"
"Hutchinson GMC","3989 River Pl Dr, Macon, GA 31210, USA","(478) 309-5436","https://www.hutchinsongmc.com/?utm_source=google&utm_medium=organic&utm_campaign=googlemybusiness","nichole@hutchinsonautomall.com","nichole@hutchinsonautomall.com","https://maps.google.com/?cid=3661048427575549461",4.3,831,"Macon, GA"
"Georgia Auto Gallery","5384 Lawrenceville Hwy, Lilburn, GA 30047, USA","(770) 573-7912","http://www.georgiaautogallery.com/","ali.supariwala@gmail.com","ali.supariwala@gmail.com","https://maps.google.com/?cid=2965795646462239730",4.3,756,"Lawrenceville, GA"
"Jackson Automotive Group","4781 Riverside Dr, Macon, GA 31210, USA","(478) 477-4858","https://www.jacksonautomotive.com/?utm_source=google&utm_medium=organic&utm_campaign=google_my_business&utm_content=website_button","cspencer@jacksonautomotive.com","cspencer@jacksonautomotive.com","https://maps.google.com/?cid=15993528846982378435",4.3,367,"Macon, GA"
"Auto Star","4395 Buford Hwy NE, Peachtree Corners, GA 30071, USA","(770) 446-8772","https://autostarga.com/","autostar.norcross@gmail.com","autostar.norcross@gmail.com; autostartucker@gmail.com; autostar02@gmail.com; 3797autostar@gmail.com","https://maps.google.com/?cid=3606092676669554003",4.3,312,"Johns Creek, GA"
"J & D Auto Sales","2208 S Dixie Hwy, Dalton, GA 30720, USA","(706) 275-6226","http://www.janddautos.com/","janddauto@hotmail.com","janddauto@hotmail.com","https://maps.google.com/?cid=17582769436447316933",4.3,183,"Dalton, GA"
"Competitive Auto Sales","3271 US-80, Bloomingdale, GA 31302, USA","(912) 748-4244","https://competitiveauto.net/","competitiveautosales@gmail.com","competitiveautosales@gmail.com","https://maps.google.com/?cid=7227397759858821796",4.3,158,"Pooler, GA"
"Land A Cars","5830 Atlanta Hwy, Alpharetta, GA 30004, USA","(470) 219-5001","http://www.landacars.com/","landacars@yahoo.com","landacars@yahoo.com","https://maps.google.com/?cid=8944401748539957431",4.3,121,"Alpharetta, GA"
"World Wide Auto Sales","140 Fairground St SE, Marietta, GA 30060, USA","(770) 425-1110","http://worldwideautomarietta.com/","mail@wwautos.com","mail@wwautos.com","https://maps.google.com/?cid=6808433296077498864",4.3,99,"Marietta, GA"
"Savannah Auto Inc","1103 Chatham Pkwy, Garden City, GA 31408, USA","(912) 352-3168","http://www.savannahauto.net/","savannahauto@hotmail.com","savannahauto@hotmail.com","https://maps.google.com/?cid=2128966940140683934",4.3,48,"Savannah, GA"
"Car Nation Auto Sales","1001 S Slappey Blvd, Albany, GA 31701, USA","(229) 496-1778","https://carnationga.com/","austin.carnation@gmail.com","austin.carnation@gmail.com","https://maps.google.com/?cid=8310274349849013384",4.3,39,"Albany, GA"
"All Pro Auto Mart","98 N Expy, Griffin, GA 30223, USA","(770) 412-7755","http://www.allproautomart.com/","allproautomart@gmail.com","allproautomart@gmail.com","https://maps.google.com/?cid=14634176823193699516",4.3,6,"Griffin, GA"
"McDonough Nissan","1775 Avalon Pkwy, McDonough, GA 30253, USA","(770) 282-5077","https://www.mcdonoughnissan.com/?utm_source=google&utm_medium=organic&utm_campaign=google-my-business","rpolk@mcdonoughnissan.com","rpolk@mcdonoughnissan.com","https://maps.google.com/?cid=17664254599622692126",4.2,4257,"McDonough, GA"
"Gwinnett Place Ford","3230 Satellite Blvd, Duluth, GA 30096, USA","(404) 418-6877","https://www.gwinnettplaceford.com/?utm_source=google&utm_medium=listing&utm_campaign=google-my-business","sales@gwinnettplaceford.com","sales@gwinnettplaceford.com","https://maps.google.com/?cid=16446518166809384622",4.2,3271,"Johns Creek, GA"
"John Thornton Chevrolet","1971 Thornton Rd, Lithia Springs, GA 30122, USA","(770) 941-8550","https://www.johnthornton.com/?utm_source=google&utm_medium=organic&utm_campaign=GMB+posts","dramsdell@johnthornton.com","dramsdell@johnthornton.com; matt@chucktownhomes.com","https://maps.google.com/?cid=11509851135105301247",4.2,2386,"Douglasville, GA"
"AutoNation Chrysler Dodge Jeep RAM North Columbus","3000 N Lake Pkwy, Columbus, GA 31909, USA","(706) 522-2116","https://www.autonationchryslerdodgejeepramnorthcolumbus.com/?&utm_source=local&utm_medium=organic&utm_campaign=*000012247*GMB","gm2249@autonation.com","gm2249@autonation.com","https://maps.google.com/?cid=16067047391133254740",4.2,1948,"Columbus, GA"
"SONS Chevrolet","3615 Manchester Expy, Columbus, GA 31909, USA","(706) 890-9440","https://www.sonschevrolet.com/?utm_source=google&utm_medium=organic&utm_campaign=gbp&utm_term=gbp","rwatkins@sonsautogroup.com","rwatkins@sonsautogroup.com","https://maps.google.com/?cid=15927817950225460167",4.2,1819,"Columbus, GA"
"Kia Country of Savannah","1 Park of Commerce Blvd, Savannah, GA 31405, USA","(912) 921-0555","https://www.kiacountryofsavannah.com/?utm_source=google&utm_medium=organic&utm_campaign=gbp","bcampbell@kiaofsavannah.com","bcampbell@kiaofsavannah.com","https://maps.google.com/?cid=11198328695689135294",4.2,1560,"Pooler, GA"
"Carma Automotive Group","4189 Abbotts Bridge Rd, Duluth, GA 30096, USA","(404) 795-4993","https://www.carmaautogroup.com/","greg.mellott@gmail.com","greg.mellott@gmail.com; amylord@virtualfimanager.com; dcpalmer91@gmail.com; noshafreenr@gmail.com","https://maps.google.com/?cid=10917752202783269029",4.2,1505,"Johns Creek, GA"
"MasterCars Auto Sales & Service","6972 Buford Hwy NE, Atlanta, GA 30340, USA","(770) 450-5000","https://getmasterapproved.com/","help@mastercarsonline.com","help@mastercarsonline.com","https://maps.google.com/?cid=13448263637129767576",4.2,1229,"Atlanta, GA"
"Chevrolet of Canton","250 Liberty Blvd, Canton, GA 30114, USA","(678) 212-1093","https://www.chevroletofcanton.com/?utm_source=google&utm_medium=organic&utm_campaign=googlemybusiness","sales@chevroletofcanton.com","sales@chevroletofcanton.com","https://maps.google.com/?cid=7507918051271995156",4.2,1191,"Canton, GA"
"Liberty Chrysler Dodge Jeep RAM","750 W Oglethorpe Hwy, Hinesville, GA 31313, USA","(912) 391-0802","https://www.libertychryslerdodgejeep.com/?utm_source=lmi_yext&utm_medium=organic","libertychryslerdodgejeep@mail.com","libertychryslerdodgejeep@mail.com","https://maps.google.com/?cid=13829966394374238140",4.2,939,"Pooler, GA"
"Cronic Chevrolet GMC","2676 N Expy, Griffin, GA 30223, USA","(770) 744-4740","https://www.cronicchevroletgmc.com/?utm_source=google&utm_medium=organic&utm_campaign=gbp&utm_term=gbp","sales@cronicchevroletbuickgmc.edealerhub.com","sales@cronicchevroletbuickgmc.edealerhub.com","https://maps.google.com/?cid=7316043009584045363",4.2,830,"McDonough, GA"
"Victory Lane Auto Sales, Inc","2600 Watson Blvd, Warner Robins, GA 31093, USA","(478) 922-8870","http://www.victorylaneautos.com/","victorylanecarsales@gmail.com","victorylanecarsales@gmail.com","https://maps.google.com/?cid=5536405019531374348",4.2,409,"Warner Robins, GA"
"Prestige Automotive Dealership","1532 Gordon Hwy, Augusta, GA 30906, USA","(706) 792-8175","http://www.prestigeautodealer.com/","prestigeauto8175@gmail.com","prestigeauto8175@gmail.com; prestige1532@gmail.com","https://maps.google.com/?cid=3819034782202156045",4.2,293,"Augusta, GA"
"Drew International Brokerage - Used Car Sales","2224 Metropolitan Pkwy SW, Atlanta, GA 30315, USA","(404) 622-6255","http://www.drewsautosales.com/","drews.cars@yahoo.com","drews.cars@yahoo.com","https://maps.google.com/?cid=1941852558917559228",4.2,262,"Atlanta, GA"
"1 Owner Auto Sales","10821 Veterans Memorial Hwy, Lithia Springs, GA 30122, USA","(770) 819-4944","http://inv1.1ownerautosales.net/","ls1owner@att.net","ls1owner@att.net; 1ownerautosales@gmail.com","https://maps.google.com/?cid=4325146077158580673",4.2,156,"Douglasville, GA"
"One Stop Auto Sales","2838 Gray Hwy, Macon, GA 31211, USA","(478) 741-8009","http://www.shoponestop.com/","samerson@shoponestop.com","samerson@shoponestop.com","https://maps.google.com/?cid=5470562317465419926",4.2,133,"Macon, GA"
"1 Owner Auto Sales","826 Bankhead Hwy, Carrollton, GA 30117, USA","(770) 838-9211","http://inv2.1ownerautosales.net/","ls1owner@att.net","ls1owner@att.net; 1ownerautosales@gmail.com","https://maps.google.com/?cid=16164843026482829540",4.2,65,"Carrollton, GA"
"Georgia Auto Gallery","3488 Stone Mountain Hwy, Snellville, GA 30078, USA","(770) 761-8809","http://www.georgiaautogallery.com/","ali.supariwala@gmail.com","ali.supariwala@gmail.com","https://maps.google.com/?cid=728210517421192985",4.2,24,"Snellville, GA"
"Old (David) Hodges Auto Sales","1016 N Ashley St, Valdosta, GA 31601, USA","(229) 247-2640","http://www.hodgesautosales.com/","oldhodgesauto@gmail.com","oldhodgesauto@gmail.com","https://maps.google.com/?cid=4938906222687593068",4.2,11,"Valdosta, GA"
"ALM Chevrolet South","4200 Jonesboro Rd, Union City, GA 30291, USA","(770) 756-6472","https://www.almchevysouth.com/?utm_source=google&utm_medium=organic&utm_campaign=gbp","sales@almchevysouth.com","sales@almchevysouth.com","https://maps.google.com/?cid=5220527093102172091",4.1,3469,"Peachtree City, GA"
"Vaden Nissan Savannah","10421 Abercorn St, Savannah, GA 31419, USA","(912) 920-5480","https://www.vadennissanofsavannah.com/?utm_campaign=google_my_business&utm_medium=organic&utm_source=google","info@danvaden.com","info@danvaden.com","https://maps.google.com/?cid=401628600834377074",4.1,1893,"Savannah, GA"
"Greenway Chrysler Dodge Jeep Ram of Rome","2500 New Calhoun Hwy NE, Rome, GA 30161, USA","(706) 232-7793","https://www.greenwaycdjrofrome.com/?utm_source=google&utm_medium=organic&utm_campaign=google_my_business","sales@universitycdjrofrome.edealerhub.com","sales@universitycdjrofrome.edealerhub.com","https://maps.google.com/?cid=10037113848969908040",4.1,819,"Rome, GA"
"Hutchinson Auto Group","3989 River Pl Dr, Macon, GA 31210, USA","(478) 757-2177","https://www.hutchinsonautogroup.com/?utm_source=google&utm_medium=organic&utm_campaign=gbp+sales","hutchinsonautogroup@dealerinspire.com","hutchinsonautogroup@dealerinspire.com","https://maps.google.com/?cid=12770234953768880969",4.1,481,"Macon, GA"
"Budget Car and Truck Sales","6225 Veterans Pkwy, Columbus, GA 31909, USA","(706) 327-6888","https://www.buybudgetnow.com/?utm_source=google&utm_medium=organic&utm_campaign=gbp","parsleymatt@live.com","parsleymatt@live.com","https://maps.google.com/?cid=3959382199603313625",4.1,467,"Columbus, GA"
"OBS International Auto Sales","8556 US-301, Statesboro, GA 30458, USA","(912) 481-2925","https://obsautosale.com/","obsinternationalautosale@yahoo.com","obsinternationalautosale@yahoo.com","https://maps.google.com/?cid=13063767580767435229",4.1,79,"Statesboro, GA"
"M And M Auto Superstore","521 Thornton Rd, Lithia Springs, GA 30122, USA","(770) 745-4959","http://www.mandmautosuperstore.com/Inventory","sales@mandmautosuperstore.com","sales@mandmautosuperstore.com","https://maps.google.com/?cid=11017196719733003923",4,352,"Douglasville, GA"
"Atlantic Luxury Auto, LLC","7100 Buford Hwy NE Building A, Doraville, GA 30340, USA","(770) 680-5222","https://www.atlanticluxuryautos.com/","atlanticluxuryauto@gmail.com","atlanticluxuryauto@gmail.com","https://maps.google.com/?cid=176842008408023893",4,95,"Dunwoody, GA"
"Premiere Auto Choice","2003 N Slappey Blvd, Albany, GA 31701, USA","(229) 405-1226","https://premierautochoice.com/","premierautochoice@gmail.com","premierautochoice@gmail.com","https://maps.google.com/?cid=7754438924683273038",4,61,"Albany, GA"
"Kiwi Auto Sales","104 New Hope Rd, Fayetteville, GA 30214, USA","(404) 403-9898","http://www.kiwiautosales.com/","sales@kiwiautosales.com","sales@kiwiautosales.com","https://maps.google.com/?cid=16917005682191493353",4,28,"Fayetteville, GA"
"King Street Way Auto Boutique","905 Martin Luther King Jr St Suite B, Carrollton, GA 30117, USA","(678) 601-3709","http://www.kingstreetwayautoboutique.com/","kingstreetwayautoboutique@yahoo.com","kingstreetwayautoboutique@yahoo.com","https://maps.google.com/?cid=14457451812245268921",4,1,"Carrollton, GA"
"Interstate Auto Sales","2531 GA-247CONN, Byron, GA 31008, USA","(478) 956-5674","http://interstaterides.com/","autointerstate@att.net","autointerstate@att.net; interstateautosalesbyron@gmail.com; interstatemacon@gmail.com; interstateautowr@gmail.com; interstateas8@gmail.com","https://maps.google.com/?cid=2984173420771776705",3.9,241,"Warner Robins, GA"
"Eagle Auto Sales","1104 Russell Pkwy, Warner Robins, GA 31088, USA","(478) 922-7726","http://eagleautos.net/","sales@eagleautos.net","sales@eagleautos.net","https://maps.google.com/?cid=14765118968811627420",3.9,104,"Warner Robins, GA"
"Cherokee Auto Group LLC","918 Univeter Rd, Canton, GA 30115, USA","(770) 345-0282","http://www.cherokeeautogroup.com/","dmosley@cherokeeautogroup.com","dmosley@cherokeeautogroup.com; david@jaspereasycarcredit.com","https://maps.google.com/?cid=10535492064199105457",3.9,90,"Canton, GA"
"Real Trucks & Cars","12274 Cumming Hwy, Canton, GA 30115, USA","(470) 302-2993","https://realtruckscars.com/","realtruckscars@gmail.com","realtruckscars@gmail.com","https://maps.google.com/?cid=3327356248394797952",3.9,74,"Canton, GA"
"HRM Auto LLC","895 3rd St, Macon, GA 31201, USA","(478) 746-0222","http://hrmmotors.com/","hrmmotors@yahoo.com","hrmmotors@yahoo.com","https://maps.google.com/?cid=1465929505679006674",3.9,69,"Macon, GA"
"Bennett Motors Of Valdosta","1200 N Ashley St, Valdosta, GA 31601, USA","(229) 247-2000","http://bennettmotorsofvaldosta.com/contact","chasbeen1@yahoo.com","chasbeen1@yahoo.com","https://maps.google.com/?cid=17009545254527226303",3.9,45,"Valdosta, GA"
"Cars R Us","4568 Pio Nono Ave Ste A, Macon, GA 31206, USA","(478) 200-8205","https://carsrusomg.com/","angie@carsrusomg.com","angie@carsrusomg.com","https://maps.google.com/?cid=13382207313428670521",3.8,199,"Macon, GA"
"Rainwater Motor Co Inc","12901 Veterans Memorial Hwy, Douglasville, GA 30134, USA","(770) 942-8275","http://www.rainwatermotorco.com/","rainwatermotorco@gmail.com","rainwatermotorco@gmail.com","https://maps.google.com/?cid=4294116356286630171",3.8,112,"Douglasville, GA"
"Your AutoDealer Inc.","3647 Jodeco Rd, McDonough, GA 30253, USA","(678) 271-2788","http://www.yourautodealerinc.com/","yourautodealerinc@gmail.com","yourautodealerinc@gmail.com","https://maps.google.com/?cid=9492817138535019505",3.8,63,"McDonough, GA"
"US EXPRESS AUTO","4745 S Berkeley Lake Rd NW, Peachtree Corners, GA 30071, USA","(470) 448-3387","http://usexpressauto.com/","usexpressauto1@gmail.com","usexpressauto1@gmail.com","https://maps.google.com/?cid=17403187504424926727",3.7,742,"Johns Creek, GA"
"Car Corner","10205 GA-92, Woodstock, GA 30188, USA","(770) 591-4555","http://carcornerofwoodstock.com/","sales.carcorner@gmail.com","sales.carcorner@gmail.com","https://maps.google.com/?cid=15284245874557028646",3.7,164,"Woodstock, GA"
"247 Auto Sales","4405 Pio Nono Ave, Macon, GA 31206, USA","(478) 785-8372","http://www.247autosales.net/","247autosales1999@gmail.com","247autosales1999@gmail.com","https://maps.google.com/?cid=15853197114075169003",3.7,113,"Macon, GA"
"Randle Smith Auto Sales","612 N Glenwood Ave, Dalton, GA 30721, USA","(706) 278-7890","http://randlesmithautosales.com/","randlesmithautosales612@gmail.com","randlesmithautosales612@gmail.com","https://maps.google.com/?cid=17624435731985247529",3.7,41,"Dalton, GA"
"Ball Auto Sales","176 Greenville St S, Newnan, GA 30263, USA","(770) 683-5515","http://ballautosale.com/","ballautocredit@gmail.com","ballautocredit@gmail.com","https://maps.google.com/?cid=862364134872757214",3.7,18,"Newnan, GA"
"Carfinders of South Atlanta","364 Keys Ferry St, McDonough, GA 30253, USA","(770) 954-3535","http://www.carfindersatlanta.com/","carfindersofsouthatlanta@gmail.com","carfindersofsouthatlanta@gmail.com","https://maps.google.com/?cid=15487052527078064736",3.6,118,"McDonough, GA"
"CKA Auto Sales Hinesville","760 Elma G Miles Pkwy, Hinesville, GA 31313, USA","(912) 332-7299","https://ckaautosaleshinesville.com/","ckahinesville@gmail.com","ckahinesville@gmail.com; ckaautosales@gmail.com","https://maps.google.com/?cid=18408513708229414766",3.6,67,"Hinesville, GA"
"Savannah best deals on 4 wheels","4613 Ogeechee Rd, Savannah, GA 31405, USA","(912) 208-5000","http://www.sbdo4w.com/","savannahbestdealson4wheels@yahoo.com","savannahbestdealson4wheels@yahoo.com","https://maps.google.com/?cid=14790814474278430968",3.5,101,"Savannah, GA"
"Bell's Auto Sales","9712, 6620 GA-21, Port Wentworth, GA 31407, USA","(912) 966-1955","http://www.bellsautosalesga.net/","bells.auto6620@yahoo.com","bells.auto6620@yahoo.com","https://maps.google.com/?cid=15040020097110983683",3.4,223,"Pooler, GA"
"Discovery Auto Sales","2220 Watson Blvd, Warner Robins, GA 31093, USA","(478) 302-5258","https://drivediscoveryautos.com/","tkanana@hotmail.com","tkanana@hotmail.com","https://maps.google.com/?cid=18401204140717278242",3.4,139,"Warner Robins, GA"
"Auto Star","220 Scenic Hwy S, Lawrenceville, GA 30046, USA","(770) 995-6981","https://autostar-ga.com/","autostar02@gmail.com","autostar02@gmail.com; autostartucker@gmail.com; autostar.norcross@gmail.com; 3797autostar@gmail.com","https://maps.google.com/?cid=5564969378923729552",3.4,110,"Lawrenceville, GA"
"Albert Campbell Auto Sales","1007 N Slappey Blvd, Albany, GA 31701, USA","(229) 405-1305","https://albertcampbellautosales.com/","acampbell@albertcampbellautosales.com","acampbell@albertcampbellautosales.com","https://maps.google.com/?cid=9301736276714240305",3.4,5,"Albany, GA"
"Mr. Daves Auto Sales","4524 17th Ave, Columbus, GA 31904, USA","(706) 610-6457","https://mrdavesautosales.com/","mrdavesauto@gmail.com","mrdavesauto@gmail.com","https://maps.google.com/?cid=9958455468714554626",3.3,109,"Columbus, GA"
"M & M Motors","29 McIntosh Lake Rd, Hinesville, GA 31313, USA","(912) 368-7433","http://www.mandmmotorshinesville.com/","johnakessel@gmail.com","johnakessel@gmail.com","https://maps.google.com/?cid=15706127364561101516",3.3,81,"Hinesville, GA"
"Adel Car Company","2424 Northside Dr W, Statesboro, GA 30458, USA","(912) 681-2479","http://southernautoteam.com/","sales@adelcarcompany.com","sales@adelcarcompany.com; sales@southernautoteam.com","https://maps.google.com/?cid=13766657719829491024",3.2,99,"Statesboro, GA"
"Dago's Auto Sales","1619 E Morris St, Dalton, GA 30721, USA","(706) 529-7830","http://dagosautosales.com/","dagosautosales@gmail.com","dagosautosales@gmail.com","https://maps.google.com/?cid=13191092849480318760",2.8,117,"Dalton, GA"
"AGN Auto Gallery","1335 Holcomb Bridge Rd, Roswell, GA 30076, USA","(770) 643-3111","http://www.agnautogallery.com/","sales@agnautogallery.com","sales@agnautogallery.com","https://maps.google.com/?cid=5343627267150615599",2.7,133,"Roswell, GA"
"Auto Cash Inc","2996 Griffin Hwy, Griffin, GA 30223, USA","(770) 412-6009","https://autocashusedcars.com/","autocashusedcars@bellsouth.net","autocashusedcars@bellsouth.net","https://maps.google.com/?cid=10332184331230300988",2.5,41,"Griffin, GA"
"The car galleria","522 W Oglethorpe Blvd, Albany, GA 31701, USA","(229) 405-3472","http://www.thecargalleria.com/","galleriacar@yahoo.com","galleriacar@yahoo.com","https://maps.google.com/?cid=2452319858829235495",2.3,9,"Albany, GA"
"Excel Auto of Rome LLC","50 Eden Valley Rd SE, Rome, GA 30161, USA","(706) 314-9223","https://excelautorome.com/","excelauto20@outlook.com","excelauto20@outlook.com","https://maps.google.com/?cid=12890623880409938469",,,"Rome, GA"
"Craft Select Motors LLC","6857 GA-16 Suite 1009, Senoia, GA 30276, USA","(678) 723-7211","https://craftselectmotors.com/","craftselectmotors@gmail.com","craftselectmotors@gmail.com","https://maps.google.com/?cid=6720064921345695444",,,"Peachtree City, GA"
"Princeton's Quality Autos","115 N 3rd St Suite C, Griffin, GA 30223, USA","(571) 313-9292","https://princetons-quality-autos.ueniweb.com/?utm_campaign=gmb","sales@princetonsqualityautos.com","sales@princetonsqualityautos.com","https://maps.google.com/?cid=3185030114852379290",,,"Griffin, GA"