Name,Address,Phone,Website,Email,All Emails,Google Maps,Rating,Reviews,City
"Clutch Motors LLC","1909 W Roosevelt Blvd, Monroe, NC 28110, USA","(704) 635-7114","https://www.clutchmotorsllc.com/","clutchmotorsllc@gmail.com","clutchmotorsllc@gmail.com","https://maps.google.com/?cid=9290612255093006343",5,80,"Monroe, NC"
"Modern Classic Motorcars","3252 S Miami Blvd #137, Durham, NC 27703, USA","(984) 219-1005","http://www.modernclassicmotorcars.com/","dealer@modernclassicmotorcars.com","dealer@modernclassicmotorcars.com","https://maps.google.com/?cid=8641254071881915102",5,27,"Morrisville, NC"
"RS Motorsports NC","115 Nitro Aly, Mooresville, NC 28115, USA","(704) 360-4009","https://www.rsmotorsportsnc.com/","rob@rsmotorsportsnc.com","rob@rsmotorsportsnc.com","https://maps.google.com/?cid=5761794457672882507",5,8,"Mooresville, NC"
"MRZ Auto Group","4260 S Main St, Salisbury, NC 28147, USA","(980) 554-9823","http://mrzautogroup.com/","sales@mrzautogroup.com","sales@mrzautogroup.com; sales@mrzautogoup.com","https://maps.google.com/?cid=17589675315799558936",5,7,"Salisbury, NC"
"ELFER","1113 Copeland Oaks Dr, Morrisville, NC 27560, USA","(984) 777-9199","http://elfer.us/","info@elfer.us","info@elfer.us; eric@elfer.us","https://maps.google.com/?cid=11505401047373990758",5,7,"Morrisville, NC"
"motorcartrader","18605 Northline Dr, Cornelius, NC 28031, USA","(980) 216-8550","https://motorcartrader.com/contact/","marc@motorcartrader.com","marc@motorcartrader.com","https://maps.google.com/?cid=1370075464902558785",5,4,"Cornelius, NC"
"Stevenson-Hendrick Honda Wilmington","6720 Market St, Wilmington, NC 28405, USA","(910) 777-5828","https://www.stevensonhendrickhonda.com/?utm_source=weblistings&utm_medium=organic&utm_campaign=hendricklocallistings","how-salesmanagers@hendrickauto.com","how-salesmanagers@hendrickauto.com","https://maps.google.com/?cid=830656390937450131",4.9,10076,"Wilmington, NC"
"BMW of Asheville","31 Skyland Inn Dr, Arden, NC 28704, USA","(828) 681-9900","https://www.bmwofasheville.com/?utm_source=gbp&utm_medium=organic&utm_campaign=website","larryt@fieldsauto.com","larryt@fieldsauto.com","https://maps.google.com/?cid=17964231197057063382",4.9,3243,"Asheville, NC"
"Pecheles Honda","3774 Dr. M.L.K. Jr Blvd, New Bern, NC 28562, USA","(252) 672-2188","https://www.pecheleshonda.com/?utm_source=GoogleBusinessProfile&utm_medium=organic","leads@pecheleshondaclients.com","leads@pecheleshondaclients.com","https://maps.google.com/?cid=6143179512868847237",4.9,1808,"New Bern, NC"
"I40 Auto","7962 National Service Rd, Greensboro, NC 27409, USA","(336) 900-8000","https://i40auto.com/","leads@i40autogroup.com","leads@i40autogroup.com","https://maps.google.com/?cid=1071270907499639424",4.9,504,"Greensboro, NC"
"Harris Cars Inc.","3460 Gribble Rd, Matthews, NC 28104, USA","(704) 684-0063","http://www.harriscarsinc.com/","office@harriscarsinc.com","office@harriscarsinc.com","https://maps.google.com/?cid=14112866242443968543",4.9,314,"Indian Trail, NC"
"Top Motors","5201 Poole Rd, Raleigh, NC 27610, USA","(919) 424-7912","https://topmotorsnc.com/","info@topmotorsnc.com","info@topmotorsnc.com","https://maps.google.com/?cid=8628955175219245835",4.9,241,"Raleigh, NC"
"TLC Automotive","3975 US-601, Concord, NC 28025, USA","(704) 262-2277","http://carstlc.com/","contact@carstlc.com","contact@carstlc.com","https://maps.google.com/?cid=8272463280962396074",4.9,232,"Concord, NC"
"Ridgeline Automotive","2 Snelson Dr, Asheville, NC 28806, USA","(828) 782-0820","https://ridgelineautomotivellc.com/","ridgelineauto@gmail.com","ridgelineauto@gmail.com","https://maps.google.com/?cid=11232508253631607529",4.9,225,"Asheville, NC"
"Jay's Used Cars LLC","901 E Wendover Ave, Greensboro, NC 27405, USA","(336) 574-0062","http://www.jaysusedcarsofgso.com/","jaysusedcars@gmail.com","jaysusedcars@gmail.com","https://maps.google.com/?cid=14400769064057261473",4.9,215,"Greensboro, NC"
"Taylor Smith Automotive","1604 S Cannon Blvd, Kannapolis, NC 28083, USA","(704) 298-0035","https://taylorsmithautomotive.com/","taylorsmithautomotive@gmail.com","taylorsmithautomotive@gmail.com","https://maps.google.com/?cid=14665944908559141564",4.9,131,"Kannapolis, NC"
"Black Label Motors","615 Stallings Rd STE A, Matthews, NC 28104, USA","(704) 781-7175","http://www.blacklabelmotors.com/","dlabel@blacklabelmotors.com","dlabel@blacklabelmotors.com","https://maps.google.com/?cid=5028836484655859309",4.9,125,"Matthews, NC"
"Vann’s Auto Sales","109 Edgar St, Goldsboro, NC 27530, USA","(919) 736-2587","http://www.vannsautosales.com/","vannlane@yahoo.com","vannlane@yahoo.com","https://maps.google.com/?cid=12633005463570024385",4.9,89,"Goldsboro, NC"
"4042 Motors","12606 Cleveland Rd, Garner, NC 27529, USA","(919) 772-4042","http://www.4042motors.com/","email@address.com","email@address.com","https://maps.google.com/?cid=3627157391336171022",4.9,82,"Garner, NC"
"Autos Direct","2623 S Main St, Concord, NC 28027, USA","(704) 925-1088","http://autosdirectnc.com/","bbowlin@autosdirectnc.com","bbowlin@autosdirectnc.com","https://maps.google.com/?cid=9015757979724290126",4.9,54,"Concord, NC"
"Coast Motors Inc","4203 Oleander Dr, Wilmington, NC 28403, USA","(910) 899-4020","http://coastmotorsinc.com/","coastmotorsinc@gmail.com","coastmotorsinc@gmail.com","https://maps.google.com/?cid=9682489772962515868",4.9,53,"Wilmington, NC"
"Hendrick Toyota Concord","7670 Bruton Smith Blvd, Concord, NC 28027, USA","(704) 467-8287","https://www.hendricktoyotaconcord.com/?utm_source=weblistings&utm_medium=organic&utm_campaign=hendricklocallistings","vernita.reveron@hendrickauto.com","vernita.reveron@hendrickauto.com","https://maps.google.com/?cid=4452604256655773990",4.8,11430,"Concord, NC"
"Impex Auto Sales","3518 S Holden Rd, Greensboro, NC 27407, USA","(336) 271-5987","https://www.impexautosales.com/?utm_source=google&utm_medium=organic&utm_campaign=gmb","sales@impexautosales.com","sales@impexautosales.com","https://maps.google.com/?cid=10887824836717163232",4.8,9646,"Greensboro, NC"
"Reggie Jackson Airport Honda","9530 Lumley Rd, Morrisville, NC 27560, USA","(984) 884-0009","https://www.reggiejacksonairporthonda.com/?utm_source=weblistings&utm_medium=organic&utm_campaign=hendricklocallistings","lum-sales@hendrickauto.com","lum-sales@hendrickauto.com","https://maps.google.com/?cid=10693326662411823863",4.8,7240,"Morrisville, NC"
"Coastal Kia","6115 Market St, Wilmington, NC 28405, USA","(910) 408-0100","https://www.coastalkia.com/?utm_source=google&utm_medium=organic&utm_campaign=gbp+sales","pkoballa@coastalkia.com","pkoballa@coastalkia.com","https://maps.google.com/?cid=17709256658366786393",4.8,3181,"Wilmington, NC"
"Stevenson Hendrick Honda Jacksonville","2221 N Marine Blvd, Jacksonville, NC 28546, USA","(910) 378-2388","https://www.stevensonhendrickhondajacksonville.com/?utm_source=weblistings&utm_medium=organic&utm_campaign=hendricklocallistings","hhj-sales@hendrickauto.com","hhj-sales@hendrickauto.com","https://maps.google.com/?cid=7786497763132225892",4.8,2893,"Jacksonville, NC"
"Johnson Lexus of Durham","1013 Southpoint Autopark Blvd, Durham, NC 27713, USA","(919) 888-4876","https://www.johnsonlexusdurham.com/?utm_source=google&utm_medium=organic&utm_campaign=gbp+sales","johnsonlexusofdurham@eleadtrack.net","johnsonlexusofdurham@eleadtrack.net","https://maps.google.com/?cid=6858424420074667232",4.8,2832,"Durham, NC"
"Mercedes-Benz of Asheville","649 Airport Rd, Fletcher, NC 28732, USA","(828) 609-1500","https://www.mercedesbenzofasheville.com/?utm_source=gbp&utm_medium=organic&utm_campaign=website","jackson@fieldsauto.com","jackson@fieldsauto.com","https://maps.google.com/?cid=16639622941284860439",4.8,2153,"Asheville, NC"
"Hendrick Cadillac Cary","101 Team Hendrick Way, Cary, NC 27511, USA","(919) 439-6644","https://www.hendrickcadillaccary.com/?utm_source=weblistings&utm_medium=organic&utm_campaign=hendricklocallistings","joshua.feldman@hendrickauto.com","joshua.feldman@hendrickauto.com","https://maps.google.com/?cid=10512596306732554849",4.8,1667,"Cary, NC"
"Kings Auto Sales LLC","2301 Hendersonville Rd, Arden, NC 28704, USA","(828) 651-5464","https://www.kingsautosalesnc.com/?utm_source=google&utm_medium=organic&utm_campaign=google_my_business&utm_content=website_button","sales@651king.com","sales@651king.com","https://maps.google.com/?cid=741832966240972853",4.8,936,"Asheville, NC"
"Flow Hyundai of Statesville","1015 Folger Dr, Statesville, NC 28625, USA","(980) 434-7200","https://www.flowhyundaistatesville.com/?utm_source=google&utm_medium=organic&utm_campaign=google_business_profile","sales@flowhyundaistatesville.edealerhub.com","sales@flowhyundaistatesville.edealerhub.com; accessibility@hmausa.com","https://maps.google.com/?cid=9084734736063402949",4.8,760,"Statesville, NC"
"Crown Auto Sales and Finance","1462 Ashley Rd, Charlotte, NC 28208, USA","(704) 395-8441","http://www.buyatcrown.com/","sales@buyatcrown.com","sales@buyatcrown.com","https://maps.google.com/?cid=3744898815650640848",4.8,746,"Charlotte, NC"
"The New Carolina Cars.Org","345 Union Cemetery Rd SW, Concord, NC 28027, USA","(980) 248-1693","http://carolinacars.org/","lbrrholding@yahoo.com","lbrrholding@yahoo.com","https://maps.google.com/?cid=14026503732914774777",4.8,603,"Concord, NC"
"Wholesale Direct Auto","6017 Market St, Wilmington, NC 28405, USA","(833) 617-7823","https://www.wholesaledirectauto.com/","sales@wholesaledirectauto.com","sales@wholesaledirectauto.com","https://maps.google.com/?cid=17458851541352059056",4.8,164,"Wilmington, NC"
"Ivey Motorcars Inc","2508 S Church St, Burlington, NC 27215, USA","(336) 584-9200","http://www.iveymotorcars.com/?utm_source=google&utm_medium=organic&utm_campaign=googlemybusiness","sales@iveymotorcars.com","sales@iveymotorcars.com","https://maps.google.com/?cid=3477218753605573818",4.8,102,"Burlington, NC"
"Motors On Main","1529 N Main St, Fuquay-Varina, NC 27526, USA","(919) 205-2618","https://motorsonmain.hamiltonautosales.com/","motorsonmain@gmail.com","motorsonmain@gmail.com; hamautos@gmail.com","https://maps.google.com/?cid=1322286525462917842",4.8,35,"Holly Springs, NC"
"Toyota of North Charlotte","13429 Statesville Rd, Huntersville, NC 28078, USA","(704) 875-9199","https://www.toyotaofnorthcharlotte.com/?utm_source=google&utm_medium=organic&utm_campaign=googlemybusiness","toyotaofnorthcharlotte@eleadtrack.net","toyotaofnorthcharlotte@eleadtrack.net","https://maps.google.com/?cid=2123605299758622393",4.7,11329,"Charlotte, NC"
"Rick Hendrick City Chevrolet","5101 E Independence Blvd, Charlotte, NC 28212, USA","(980) 242-5621","https://www.citychevrolet.com/?utm_source=weblistings&utm_medium=organic&utm_campaign=hendricklocallistings","heather.drayton@hendrickauto.com","heather.drayton@hendrickauto.com","https://maps.google.com/?cid=13358401762754261206",4.7,7014,"Charlotte, NC"
"Hendrick Chevrolet","100 Auto Mall Drive, Cary, NC 27511, USA","(919) 439-5132","https://www.hendrickchevrolet.com/?utm_source=weblistings&utm_medium=organic&utm_campaign=hendricklocallistings","david.ward@hendrickauto.com","david.ward@hendrickauto.com","https://maps.google.com/?cid=6029172276433529307",4.7,5418,"Raleigh, NC"
"Hendrick Chrysler Jeep FIAT Fayetteville","543 N McPherson Church Rd, Fayetteville, NC 28303, USA","(910) 676-7672","https://www.hendrickchryslerjeep.com/?utm_source=weblistings&utm_medium=organic&utm_campaign=hendricklocallistings","hcjsales@hendrickauto.com","hcjsales@hendrickauto.com","https://maps.google.com/?cid=6000273730158297772",4.7,5025,"Fayetteville, NC"
"Audi Charlotte","9300 E Independence Blvd, Matthews, NC 28105, USA","(704) 535-8800","https://www.audicharlotte.com/?utm_source=google&utm_medium=organic&utm_campaign=gbp_link","jsimmons@drivedag.com","jsimmons@drivedag.com","https://maps.google.com/?cid=2057482750420441774",4.7,4793,"Matthews, NC"
"Hendrick Kia of Cary","90 Mackenan Dr, Cary, NC 27511, USA","(919) 439-6178","https://www.hendrickkia.com/?utm_source=weblistings&utm_medium=organic&utm_campaign=hendricklocallistings","luke.lavoie@hendrickauto.com","luke.lavoie@hendrickauto.com","https://maps.google.com/?cid=14492163408909654493",4.7,4568,"Cary, NC"
"Hendrick Buick GMC Cary","115 Team Hendrick Way, Cary, NC 27511, USA","(919) 439-5933","https://www.hendrickbuickgmccary.com/?utm_source=weblistings&utm_medium=organic&utm_campaign=hendricklocallistings","joshua.feldman@hendrickauto.com","joshua.feldman@hendrickauto.com","https://maps.google.com/?cid=14052879720337375699",4.7,4388,"Cary, NC"
"Flow Honda in Winston Salem","2600 Peters Creek Pkwy, Winston-Salem, NC 27127, USA","(336) 785-3380","https://www.flowhondawinstonsalem.com/?utm_source=google&utm_medium=organic&utm_campaign=google_business_profile","flowhondawinstonsalem@eleadtrack.net","flowhondawinstonsalem@eleadtrack.net","https://maps.google.com/?cid=12466308954906253965",4.7,4085,"Winston-Salem, NC"
"Parks Chevrolet Huntersville","15235 Statesville Rd, Huntersville, NC 28078, USA","(704) 464-4272","https://www.parkschevrolethuntersville.com/?utm_source=gmb&utm_medium=organic&utm_campaign=m2","phvsalesmanagers@parksautogroup.com","phvsalesmanagers@parksautogroup.com","https://maps.google.com/?cid=17537985049623107306",4.7,3543,"Charlotte, NC"
"Riverside Chrysler Dodge Jeep Ram and Fiat","5000 US-70 Suite B, New Bern, NC 28560, USA","(252) 675-4308","https://www.riversidechryslerjeepdodge.net/?utm_source=google&utm_medium=organic&utm_campaign=gmb","rjakes@riversidevehicles.com","rjakes@riversidevehicles.com","https://maps.google.com/?cid=16447973551747440162",4.7,2232,"New Bern, NC"
"Johnson Subaru of Cary","109 Mackenan Dr, Cary, NC 27511, USA","(919) 238-6864","https://www.johnsonsubaru.com/?utm_source=google&utm_medium=organic&utm_campaign=gbp+sales","johnsonsubaruofcary@eleadtrack.net","johnsonsubaruofcary@eleadtrack.net","https://maps.google.com/?cid=11281686020218370234",4.7,2207,"Cary, NC"
"AutoNation USA Charlotte","4800 E Independence Blvd, Charlotte, NC 28212, USA","(980) 800-9099","https://www.autonationusa.com/dealership/charlotte.htm?&utm_source=local&utm_medium=organic&utm_campaign=*000012247*GMB","marketingsupport@autonation.com","marketingsupport@autonation.com","https://maps.google.com/?cid=7176857580929320264",4.7,2121,"Charlotte, NC"
"East Carolina Chrysler Dodge Jeep Ram Fiat","3401 S Memorial Dr, Greenville, NC 27834, USA","(252) 417-2758","https://www.eastcarolinachryslerdodge.com/?utm_source=google&utm_medium=organic&utm_campaign=gmb","fcalfee@ecauto.com","fcalfee@ecauto.com","https://maps.google.com/?cid=12783565242208105739",4.7,2077,"Greenville, NC"
"Cadillac Of Fayetteville","1637 Skibo Rd, Fayetteville, NC 28303, USA","(910) 613-5836","https://www.cadillacoffayetteville.com/?utm_source=google&utm_medium=organic&utm_campaign=google_my_business&utm_content=website_button","bill.shotwell@cadillacoffayetteville.com","bill.shotwell@cadillacoffayetteville.com","https://maps.google.com/?cid=17089035755025788977",4.7,1880,"Fayetteville, NC"
"Modern Nissan of Hickory","840 US Hwy 70 SE, Hickory, NC 28602, USA","(828) 324-5040","https://www.modernnissanofhickory.com/?utm_source=google&utm_medium=organic&utm_campaign=google_business_profile","nissanhkcontactus@modernauto.com","nissanhkcontactus@modernauto.com","https://maps.google.com/?cid=11181895297363497526",4.7,1652,"Hickory, NC"
"Bob King Buick GMC, INC.","5115 New Centre Dr, Wilmington, NC 28403, USA","(910) 338-9347","https://www.bobkinggmc.com/?utm_campaign=gmb&utm_medium=organic&utm_source=local","sales@bobking.com","sales@bobking.com","https://maps.google.com/?cid=4472138221885990211",4.7,1378,"Wilmington, NC"
"4042 Motorsports","3640 Sanders Rd, Willow Spring, NC 27592, USA","(919) 207-4042","http://www.4042motorsports.com/","email@address.com","email@address.com","https://maps.google.com/?cid=483098169268077863",4.7,783,"Garner, NC"
"Riverside Subaru","5000 US-70 Suite A, New Bern, NC 28560, USA","(252) 633-4411","https://www.riversidesubarunewbern.com/?utm_source=google&utm_medium=organic&utm_campaign=googlemybusiness","rjakes@riversidevehicles.com","rjakes@riversidevehicles.com","https://maps.google.com/?cid=1393076189383080514",4.7,665,"New Bern, NC"
"Medlin Buick GMC","1900 Tarboro St W, Wilson, NC 27893, USA","(252) 674-0187","https://www.medlinbuickgmc.com/?utm_source=gbp&utm_medium=organic&utm_content=website-button","leads@buickgmcmazda.medlincars.com","leads@buickgmcmazda.medlincars.com","https://maps.google.com/?cid=14604672118765771801",4.7,643,"Wilson, NC"
"Greensboro Auto Center","3800 Burlington Rd, Greensboro, NC 27405, USA","(336) 698-3000","https://www.gsoauto.com/?utm_source=google&utm_medium=organic&utm_campaign=googlemybusiness","sales@gsoauto.com","sales@gsoauto.com","https://maps.google.com/?cid=16443831500535829611",4.7,587,"Greensboro, NC"
"Team E-Z Auto","3900 Bragg Blvd, Fayetteville, NC 28303, USA","(910) 868-3000","https://teamezauto.com/","cmartin@teamezauto.com","cmartin@teamezauto.com","https://maps.google.com/?cid=11476104435107921491",4.7,369,"Fayetteville, NC"
"Lamborghini Charlotte","6500 E Independence Blvd, Charlotte, NC 28212, USA","(980) 960-9562","https://www.lambocharlotte.com/","sales@lamborghinicarolinas.com","sales@lamborghinicarolinas.com","https://maps.google.com/?cid=881810405686739878",4.7,273,"Charlotte, NC"
"Auto Network of Wilmington LLC","6106 Market St, Wilmington, NC 28405, USA","(910) 399-4112","https://autowilmington.com/","blake@autowilmington.com","blake@autowilmington.com","https://maps.google.com/?cid=14310692503902530051",4.7,110,"Wilmington, NC"
"Hamilton's Auto Sales","908 W Academy St, Fuquay-Varina, NC 27526, USA","(919) 552-4452","http://www.hamiltonautosales.com/","motorsonmain@gmail.com","motorsonmain@gmail.com; hamautos@gmail.com","https://maps.google.com/?cid=13070983500296134350",4.7,81,"Holly Springs, NC"
"Terry Labonte Chevrolet","1401 Bridford Pkwy, Greensboro, NC 27407, USA","(336) 447-1535","https://www.terrylabontechevy.com/?utm_source=weblistings&utm_medium=organic&utm_campaign=hendricklocallistings","tlcesales@hendrickauto.com","tlcesales@hendrickauto.com","https://maps.google.com/?cid=17676237844532920888",4.6,8130,"Greensboro, NC"
"Hendrick Chevrolet Buick GMC Southpoint","127 Kentington Dr, Durham, NC 27713, USA","(919) 888-4896","https://www.hendrickgmsouthpoint.com/?utm_source=weblistings&utm_medium=organic&utm_campaign=hendricklocallistings","elizabeth.vandyke@hendrickauto.com","elizabeth.vandyke@hendrickauto.com","https://maps.google.com/?cid=2513929553898895851",4.6,6661,"Durham, NC"
"North Point Chrysler Dodge Jeep Ram","7726 North Point Blvd, Winston-Salem, NC 27106, USA","(336) 770-2081","https://www.northpointchryslerjeep.net/?utm_source=google&utm_medium=organic&utm_campaign=googlemybusiness","sales@northpointcdjr.edealerhub.com","sales@northpointcdjr.edealerhub.com","https://maps.google.com/?cid=14686732216183059620",4.6,5685,"Winston-Salem, NC"
"Parks Chevrolet Charlotte","8530 Ikea Blvd, Charlotte, NC 28262, USA","(704) 317-6416","https://www.parkscharlotte.com/?utm_source=google&utm_medium=organic&utm_campaign=gmb-website&utm_content=website_button","parkscharlotte@parksautogroup.com","parkscharlotte@parksautogroup.com","https://maps.google.com/?cid=14574327880570324398",4.6,4997,"Charlotte, NC"
"Everett Chevrolet Buick GMC Cadillac","161 US Hwy 70 SE, Hickory, NC 28602, USA","(828) 327-9171","https://www.everettchevy.com/?utm_source=google-my-business-ech&utm_medium=google&utm_campaign=gmb&utm_id=Google+My+Business&utm_term=organic","customerservice@everettchevy.com","customerservice@everettchevy.com","https://maps.google.com/?cid=17916343937245007902",4.6,4790,"Hickory, NC"
"Flow Nissan of Fayetteville","4559 Raeford Rd, Fayetteville, NC 28304, USA","(910) 323-4400","https://www.flownissanfayetteville.com/?utm_source=google&utm_medium=organic&utm_campaign=google_business_profile","flownissanfayetteville@eleadtrack.net","flownissanfayetteville@eleadtrack.net","https://maps.google.com/?cid=15228474574967281920",4.6,4176,"Fayetteville, NC"
"Toyota of Gastonia","4821 Wilkinson Blvd, Gastonia, NC 28056, USA","(704) 824-7777","https://www.toyotaofgastonia.com/?utm_source=google&utm_medium=organic&utm_campaign=gbp_sales","sales@toyotaofgastonia.com","sales@toyotaofgastonia.com","https://maps.google.com/?cid=13878774444506831274",4.6,3955,"Gastonia, NC"
"Hendrick Chevrolet Monroe","3112 W Hwy 74, Monroe, NC 28110, USA","(704) 288-5675","https://www.hendrickchevroletmonroe.com/?utm_source=weblistings&utm_medium=organic&utm_campaign=hendricklocallistings","heather.drayton@hendrickauto.com","heather.drayton@hendrickauto.com","https://maps.google.com/?cid=14946872842199591555",4.6,2751,"Indian Trail, NC"
"Sanders Ford Inc","1135 Lejeune Blvd, Jacksonville, NC 28540, USA","(910) 478-4291","https://www.sandersfordsales.com/?utm_source=rsdvm&utm_medium=gmb&utm_campaign=brandawareness&utm_content=jacksonville","leads@gosanders.com","leads@gosanders.com","https://maps.google.com/?cid=9633429144348650429",4.6,2617,"Jacksonville, NC"
"Modern Nissan of Concord","967 Concord Pkwy S, Concord, NC 28027, USA","(704) 788-2110","https://www.modernnissanofconcord.com/?utm_source=google&utm_medium=organic&utm_campaign=google_business_profile","nissancncontactus@modernauto.com","nissancncontactus@modernauto.com","https://maps.google.com/?cid=4336439280492126679",4.6,2510,"Concord, NC"
"CARmazone","428 Jake Alexander Blvd S, Salisbury, NC 28147, USA","(704) 216-1500","https://www.carmazone.com/","sales@carmazone.com","sales@carmazone.com","https://maps.google.com/?cid=8119886784069246377",4.6,2328,"Salisbury, NC"
"Lumberton Chevrolet Buick GMC","500 Linkhaw Rd, Lumberton, NC 28358, USA","(910) 739-7577","https://www.lumbertonauto.com/?utm_source=google&utm_medium=organic&utm_campaign=googlemybusiness","margaret.lewis@lcbgc.com","margaret.lewis@lcbgc.com","https://maps.google.com/?cid=127839409076501076",4.6,2304,"Lumberton, NC"
"Hickory Used Car Superstore","625 US Hwy 70 SE, Hickory, NC 28602, USA","(828) 547-9068","https://www.hickoryused.com/?utm_source=google-my-business-hucs&utm_medium=google&utm_campaign=gmb&utm_id=Google+My+Business&utm_term=organic","customerservice@hickoryused.com","customerservice@hickoryused.com","https://maps.google.com/?cid=14271615049044619550",4.6,2042,"Hickory, NC"
"Classic Chrysler Jeep Dodge Ram Fiat of Goldsboro","306 N Oak Forest Rd, Goldsboro, NC 27534, USA","(877) 679-9938","https://www.goldsborocars.com/?utm_source=google&utm_medium=organic&utm_campaign=gbp+sales","jengel@millsautogroup.com","jengel@millsautogroup.com","https://maps.google.com/?cid=9954879653155834005",4.6,1813,"Goldsboro, NC"
"Crenshaw Hyundai","330 Huffman Mill Rd, Burlington, NC 27215, USA","(855) 872-4441","https://www.crenshawhyundai.com/?utm_source=google&utm_medium=organic&utm_campaign=gbp","sales@crenshawhyundai.edealerhub.com","sales@crenshawhyundai.edealerhub.com; accessibility@hmausa.com","https://maps.google.com/?cid=15113526915804357263",4.6,1629,"Burlington, NC"
"Flow Volkswagen of Durham","3823 Durham-Chapel Hill Blvd, Durham, NC 27707, USA","(919) 493-7411","https://www.flowvolkswagendurham.com/?utm_source=google&utm_medium=organic&utm_campaign=google_business_profile","sales@flowvolkswagenofdurham.edealerhub.com","sales@flowvolkswagenofdurham.edealerhub.com","https://maps.google.com/?cid=5208019866095546182",4.6,1458,"Chapel Hill, NC"
"Volvo Cars of Cary","1375 NW Maynard Rd, Cary, NC 27513, USA","(919) 238-2140","https://www.volvocarsofcary.com/?utm_source=google&utm_medium=organic&utm_campaign=google_my_business&utm_id=honestdigital","sales@volvocarsofcary.com","sales@volvocarsofcary.com","https://maps.google.com/?cid=12589314258402828986",4.6,1259,"Morrisville, NC"
"Genesis of Charlotte","2500 Crownpoint Executive Dr, Charlotte, NC 28227, USA","(704) 368-0704","https://www.genesisofcharlotte.com/?utm_source=google&utm_medium=organic&utm_campaign=gbp-main","contactus@genesisofcharlotte.com","contactus@genesisofcharlotte.com","https://maps.google.com/?cid=9894810078547294373",4.6,1211,"Matthews, NC"
"Sport Durst Volkswagen","3501 McLain St, Goldsboro, NC 27534, USA","(919) 351-6684","https://www.sportdurstvw.com/?utm_source=GoogleBusinessProfile&utm_medium=organic","leads@sportdurstgoldsboro.com","leads@sportdurstgoldsboro.com","https://maps.google.com/?cid=5281834121098913510",4.6,992,"Goldsboro, NC"
"Tim Marburger Chevrolet","1520 S Cannon Blvd, Kannapolis, NC 28083, USA","(704) 680-6911","https://www.timmarburgerchevy.com/","aspringer@marburgerauto.com","aspringer@marburgerauto.com","https://maps.google.com/?cid=18189370203901601741",4.6,892,"Kannapolis, NC"
"Riverside Nissan of New Bern","3315 US-70 E, New Bern, NC 28560, USA","(877) 331-4290","https://www.riversidenissannewbern.com/?utm_source=google&utm_medium=organic&utm_campaign=google_my_business","leads@riversidenissannewbern.com","leads@riversidenissannewbern.com","https://maps.google.com/?cid=5440491853724386385",4.6,788,"New Bern, NC"
"Hyundai of New Bern","2910 US-70, New Bern, NC 28560, USA","(252) 637-0007","https://www.hyundaiofnewbern.com/?utm_source=google&utm_medium=organic&utm_campaign=googlemybusiness","sales@hyundaiofnewbern.com","sales@hyundaiofnewbern.com","https://maps.google.com/?cid=5162297712426805872",4.6,772,"New Bern, NC"
"David Westcott Buick GMC","2410 S Church St, Burlington, NC 27215, USA","(336) 228-0141","https://www.davidwestcott.com/","gw@davidwestcott.com","gw@davidwestcott.com","https://maps.google.com/?cid=9423706916123717889",4.6,733,"Burlington, NC"
"Brown's Auto World","2634 Hope Mills Rd, Fayetteville, NC 28306, USA","(910) 307-7361","http://brownsautoworld.com/","brownsautoworld15@gmail.com","brownsautoworld15@gmail.com; 2219707@leadsprod.dealercenter.net","https://maps.google.com/?cid=562973378612411734",4.6,556,"Fayetteville, NC"
"Genesis of Cary","5000 Old Raleigh Rd, Cary, NC 27511, USA","(984) 465-2750","https://www.genesisofcary.com/?utm_source=google&utm_medium=organic&utm_campaign=gbp+sales","sales@johnsongenesisofcary.edealerhub.com","sales@johnsongenesisofcary.edealerhub.com","https://maps.google.com/?cid=15763882484838037325",4.6,477,"Cary, NC"
"Medlin Mazda","1900 Tarboro St W, Wilson, NC 27893, USA","(252) 243-6106","https://www.medlinmazda.com/?utm_source=gmb&utm_medium=organic&utm_campaign=main","frank@medlincars.com","frank@medlincars.com","https://maps.google.com/?cid=16293288699937387489",4.6,262,"Wilson, NC"
"The Auto Finders","1603 S Miami Blvd, Durham, NC 27703, USA","(919) 957-0156","https://www.theautofinders.com/","info@theautofinders.com","info@theautofinders.com","https://maps.google.com/?cid=7736679106317513607",4.6,251,"Durham, NC"
"Benchmark Auto Sales: Raleigh South - Buy-Here, Pay-Here Alternative","480 US-70, Garner, NC 27529, USA","(919) 615-1350","https://www.benchmarkautosales.com/?utm_source=google&utm_medium=organic&utm_campaign=gbp&utm_term=raleigh","sales@benchmarkautosales.com","sales@benchmarkautosales.com","https://maps.google.com/?cid=10869400339375634612",4.6,240,"Garner, NC"
"Byblos Motors","827 S Church St, Burlington, NC 27215, USA","(336) 226-5050","https://www.byblosmotorsports.com/","team@latofonts.com","team@latofonts.com; anapbm@gmail.com; filler@godaddy.com","https://maps.google.com/?cid=7845643150886953896",4.6,178,"Burlington, NC"
"Rare Rides Company","128 Innovation Dr, Statesville, NC 28677, USA","(980) 306-8100","https://www.rarerides.com/","info@rarerides.com","info@rarerides.com","https://maps.google.com/?cid=9269024203204310897",4.6,65,"Statesville, NC"
"55 Auto Group of Apex LLC","3337 Air Park Rd, Fuquay-Varina, NC 27526, USA","(919) 372-8021","http://www.55autogroupapexnc.com/","55autoapexnc@gmail.com","55autoapexnc@gmail.com","https://maps.google.com/?cid=12035519075918581673",4.6,48,"Apex, NC"
"No Hassle Auto","1204 S Church St, Rocky Mount, NC 27803, USA","(252) 442-1600","https://no-hassle-auto.ueniweb.com/","clanton959@aol.com","clanton959@aol.com","https://maps.google.com/?cid=5689301867297487773",4.6,36,"Rocky Mount, NC"
"Kernersville Chrysler Dodge Jeep Ram","950 NC-66 South, Kernersville, NC 27284, USA","(888) 656-5791","https://www.31dodge.com/?utm_source=google&utm_medium=organic&utm_campaign=googlemybusiness","aclay@31dodge.com","aclay@31dodge.com","https://maps.google.com/?cid=14799011658869048217",4.5,5980,"Kernersville, NC"
"Victory Chevrolet, LLC","717 Rhyne Rd, Charlotte, NC 28214, USA","(704) 837-0410","https://www.victorychevrolet.com/?utm_source=google&utm_medium=organic&utm_campaign=gmb","kimberly@victorychevycharlotte.com","kimberly@victorychevycharlotte.com","https://maps.google.com/?cid=16991076230663204718",4.5,5456,"Charlotte, NC"
"Lake Norman Chrysler Dodge Jeep RAM","20320 Chartown Dr, Cornelius, NC 28031, USA","(704) 936-0673","https://www.lakenormanchrysler.com/?utm_medium=organic&utm_source=GMBlisting&utm_campaign=chryslerdodgejeepramsales","lknsales@parksautogroup.com","lknsales@parksautogroup.com","https://maps.google.com/?cid=5030335381035043770",4.5,4135,"Huntersville, NC"
"Bryan Honda","4104-A, 4104 Raeford Rd, Fayetteville, NC 28304, USA","(910) 600-6337","https://www.bryanhondafayetteville.com/?utm_source=gmb&utm_medium=organic&utm_campaign=sales","sales@bryanhonda.com","sales@bryanhonda.com","https://maps.google.com/?cid=10143817407756375330",4.5,3918,"Fayetteville, NC"
"Hanna Imports","2407 Wake Forest Rd, Raleigh, NC 27608, USA","(919) 878-5855","https://www.hannaimports.com/?utm_source=GoogleBusinessProfile&utm_medium=organic","sales@hannaimports.com","sales@hannaimports.com","https://maps.google.com/?cid=12874292202614322064",4.5,3905,"Raleigh, NC"
"Modern Toyota","3178 Peters Creek Pkwy, Winston-Salem, NC 27127, USA","(336) 793-5937","https://www.moderntoyota.com/?utm_source=google&utm_medium=organic&utm_campaign=google_business_profile","toyotawscontactus@modernauto.com","toyotawscontactus@modernauto.com","https://maps.google.com/?cid=6555853383928293341",4.5,3697,"Winston-Salem, NC"
"Capital Ford of Wilmington","4222 Oleander Dr, Wilmington, NC 28403, USA","(910) 799-4060","https://www.capitalfordofwilmington.com/?utm_source=google&utm_medium=organic&utm_campaign=gbp&utm_id=honestdigital","support@cfwilm.com","support@cfwilm.com","https://maps.google.com/?cid=7648236564520091520",4.5,3428,"Wilmington, NC"
"Parks Chevrolet Kernersville","615 NC-66, Kernersville, NC 27284, USA","(336) 310-0876","https://www.parkschevy.com/?utm_source=google&utm_medium=organic&utm_campaign=GMB-Listing","pkvslsmgr@parksautogroup.com","pkvslsmgr@parksautogroup.com","https://maps.google.com/?cid=13896782391953106466",4.5,3093,"Kernersville, NC"
"Auction Direct USA Raleigh NC","7601 Glenwood Ave, Raleigh, NC 27612, USA","(844) 678-8048","https://www.auctiondirectusa.com/used-cars-raleigh-nc?utm_source=google&utm_medium=organic&utm_campaign=gmb&utm_content=raleigh","raleighsales@auctiondirectusa.com","raleighsales@auctiondirectusa.com; kcondon@auctiondirectusa.com; jcollins@auctiondirectusa.com","https://maps.google.com/?cid=1927090877694186513",4.5,3039,"Raleigh, NC"
"Modern Nissan of Winston Salem","5795 University Pkwy, Winston-Salem, NC 27105, USA","(336) 767-8260","https://www.modernnissanofwinstonsalem.com/?utm_source=google&utm_medium=organic&utm_campaign=google_business_profile","nissanwscontactus@modernauto.com","nissanwscontactus@modernauto.com","https://maps.google.com/?cid=7107107173098065754",4.5,2603,"Winston-Salem, NC"
"Hendrick Dodge RAM FIAT","81 Mackenan Dr, Cary, NC 27511, USA","(919) 439-5394","https://www.hendrickdodge.com/?utm_source=weblistings&utm_medium=organic&utm_campaign=hendricklocallistings","christopher.haider@hendrickauto.com","christopher.haider@hendrickauto.com","https://maps.google.com/?cid=11557138428989433077",4.5,2507,"Cary, NC"
"Sport Durst Chrysler Dodge Jeep Ram","4511 Durham-Chapel Hill Blvd, Durham, NC 27707, USA","(919) 808-4529","https://www.sportdurstchryslerjeepdodge.com/?utm_source=GoogleBusinessProfile&utm_medium=organic","leads@sportdurstcdjr.com","leads@sportdurstcdjr.com","https://maps.google.com/?cid=17059843984560559282",4.5,2222,"Durham, NC"
"Leith Volkswagen of Raleigh","4005 Capital Hills Dr, Raleigh, NC 27616, USA","(919) 828-0828","https://www.leithvwraleigh.com/?utm_source=gmb&utm_medium=organic&utm_campaign=google_my_business","volkswagen.raleigh.sales@leithcars.com","volkswagen.raleigh.sales@leithcars.com","https://maps.google.com/?cid=17048298313245826804",4.5,1914,"Wake Forest, NC"
"Westgate Kia of Wake Forest","10956 Star Rd, Wake Forest, NC 27587, USA","(919) 899-8972","https://www.westgatekia.com/","clients@highervisibility.com","clients@highervisibility.com; leads@wakeforestkia.westgatecars.com","https://maps.google.com/?cid=10994141843295187794",4.5,1807,"Wake Forest, NC"
"Modern Nissan of Lake Norman","18615 Statesville Rd, Cornelius, NC 28031, USA","(704) 237-5100","https://www.modernnissanoflakenorman.com/?utm_source=google&utm_medium=organic&utm_campaign=google_business_profile","nissanlncontactus@modernauto.com","nissanlncontactus@modernauto.com","https://maps.google.com/?cid=11018077723367677518",4.5,1700,"Huntersville, NC"
"Keith Hawthorne Hyundai of Gastonia","4712 Wilkinson Blvd, Gastonia, NC 28056, USA","(704) 478-2000","https://www.hyundaiofgastonia.com/?utm_source=gmb&utm_medium=organic","accessibility@hmausa.com","accessibility@hmausa.com; keithhawthornehygastonia@eleadtrack.net","https://maps.google.com/?cid=14282007935068072813",4.5,1697,"Gastonia, NC"
"Don Williamson Nissan","310 Western Blvd, Jacksonville, NC 28546, USA","(910) 353-7700","https://www.dwnissan.com/","leads@donwilliamsonnissan.com","leads@donwilliamsonnissan.com","https://maps.google.com/?cid=12710186253027697715",4.5,1403,"Jacksonville, NC"
"Sport Durst Mazda","4515 Durham-Chapel Hill Blvd, Durham, NC 27707, USA","(919) 873-4428","https://www.sportdurstmazda.com/?utm_source=GoogleBusinessProfile&utm_medium=organic","leads@sportdurstmazdadurham.com","leads@sportdurstmazdadurham.com","https://maps.google.com/?cid=3825398814935602876",4.5,1343,"Chapel Hill, NC"
"Benchmark Auto Sales, Inc. - Buy-Here, Pay-Here Alternative","1500 Brevard Rd, Asheville, NC 28806, USA","(828) 418-1800","http://www.benchmarkautosales.com/?utm_source=google&utm_medium=organic&utm_campaign=gbp&utm_term=asheville","sales@benchmarkautosales.com","sales@benchmarkautosales.com","https://maps.google.com/?cid=8010494522308927349",4.5,1334,"Asheville, NC"
"Flow Buick GMC of Fayetteville","5264 Red Tip Rd, Fayetteville, NC 28314, USA","(910) 644-0966","http://www.flowfayettevillebuickgmc.com/?utm_source=google&utm_medium=organic&utm_campaign=google_business_profile","flowautofayetteville@eleadtrack.net","flowautofayetteville@eleadtrack.net","https://maps.google.com/?cid=10008803587139616961",4.5,1289,"Fayetteville, NC"
"Sanford Honda","3130 S Horner Blvd, Sanford, NC 27332, USA","(919) 888-4856","https://www.sanfordhonda.com/?utm_source=google&utm_medium=organic&utm_campaign=gbp_sales_website%20","leads@sanfordhondasales.com","leads@sanfordhondasales.com","https://maps.google.com/?cid=9320333341785880740",4.5,1000,"Sanford, NC"
"Sanford Imports","1301 Douglas Dr, Sanford, NC 27330, USA","(919) 415-1220","https://www.sanfordimports.com/?utm_source=GoogleBusinessProfile&utm_medium=organic","leads@sanfordimportscrm.com","leads@sanfordimportscrm.com","https://maps.google.com/?cid=15857520669375346006",4.5,933,"Apex, NC"
"Johnson Hyundai of Wake Forest","11000 Capital Blvd, Wake Forest, NC 27587, USA","(984) 235-5088","https://www.johnsonhyundaiofwakeforest.com/?utm_source=google&utm_medium=organic&utm_campaign=gmb+sales","sales@johnsonhyundaiwakeforest.edealerhub.com","sales@johnsonhyundaiwakeforest.edealerhub.com; accessibility@hmausa.com","https://maps.google.com/?cid=3719413311176620455",4.5,848,"Wake Forest, NC"
"BlueWater MotorSports","6757 Market St, Wilmington, NC 28405, USA","(910) 392-1882","http://www.bluewatermotorsports.com/","bluewaterbillys@gmail.com","bluewaterbillys@gmail.com","https://maps.google.com/?cid=10659540262861909392",4.5,828,"Wilmington, NC"
"Sport Durst Volkswagen of Jacksonville","2406 N Marine Blvd, Jacksonville, NC 28546, USA","(910) 938-1417","https://www.sportdurstvolkswagenofjacksonville.com/?utm_source=GoogleBusinessProfile&utm_medium=organic","leads@sportdurstjacksonville.com","leads@sportdurstjacksonville.com","https://maps.google.com/?cid=8968017933834424475",4.5,791,"Jacksonville, NC"
"Hendrick Luxury Auto Mall at Northlake","10720 Northlake Auto Plaza Blvd, Charlotte, NC 28269, USA","(866) 689-7871","https://www.hendrickcars.com/north-carolina/charlotte.htm?postalcode=28269&range=&franchise=&parentId=","david.clark@hendrickauto.com","david.clark@hendrickauto.com","https://maps.google.com/?cid=13308155035593182452",4.5,560,"Huntersville, NC"
"Lee Ford of Wilson","4170 Raleigh Rd Pkwy W, Wilson, NC 27896, USA","(252) 291-6000","https://www.leemotor.com/?utm_source=google&utm_medium=organic&utm_campaign=gbp","misty.bowen@leemotor.com","misty.bowen@leemotor.com","https://maps.google.com/?cid=3873700910604647937",4.5,547,"Wilson, NC"
"Bob King Pre-Owned","5110 New Centre Dr, Wilmington, NC 28403, USA","(910) 799-3520","https://www.bobkinggmc.com/","sales@bobking.com","sales@bobking.com","https://maps.google.com/?cid=16912201471882727093",4.5,215,"Wilmington, NC"
"CTR Automotive Concord","2525 Zion Church Rd, Concord, NC 28025, USA","(704) 788-8998","https://www.ctrrepair.com/","dennis@ctrrepair.com","dennis@ctrrepair.com; jay@ctrrepair.com","https://maps.google.com/?cid=12012272075907599249",4.5,205,"Concord, NC"
"Auto Network Of The Triad LLC","5730 Old Walkertown Rd, Walkertown, NC 27051, USA","(336) 754-4016","http://www.autonetworkoftriad.com/","blake@autonetworkoftriad.com","blake@autonetworkoftriad.com","https://maps.google.com/?cid=7466690624397813333",4.5,127,"Winston-Salem, NC"
"Sanford Auto Brokers LLC","1803 Keller-Andrews Rd, Sanford, NC 27330, USA","(919) 708-5443","http://www.durabuiltsanford.com/","sales@durabuiltsanford.com","sales@durabuiltsanford.com; sales@sanfordautobrokers.com; hallmans2nations@gmail.com; prebuiltstructures@gmail.com; itgarciasanchez@gmail.com; buildingvillage@yahoo.com; sanfordautobrokersllc@gmail.com; stritefamily@emypeople.net; nathanbeachandme@gmail.com; rickodomjr@cs.com; zchhoward@gmail.com","https://maps.google.com/?cid=13456887812288737262",4.5,64,"Sanford, NC"
"Beaver's Pre-Owned Honda","2060 Deal Rd, Mooresville, NC 28115, USA","(704) 932-8690","http://www.beaverscarsalvage.com/","sales@beaverscarsalvage.com","sales@beaverscarsalvage.com","https://maps.google.com/?cid=16090656329434692077",4.5,50,"Mooresville, NC"
"Team LJ Auto Sales","2619 Old North Sharon Amity Rd, Charlotte, NC 28205, USA","(980) 213-9286","http://teamljautos.com/","teamljautosales@gmail.com","teamljautosales@gmail.com","https://maps.google.com/?cid=14164651000847286388",4.5,48,"Monroe, NC"
"Jack's Used Cars LLC","1009 N Church St, Rocky Mount, NC 27804, USA","(252) 977-3333","http://www.jacksusedcarsllc.com/","legendfiftyone@gmail.com","legendfiftyone@gmail.com","https://maps.google.com/?cid=7774184257584612575",4.5,35,"Rocky Mount, NC"
"Drive Max Used Cars","6210 Old US Hwy 70 W, New Bern, NC 28562, USA","(252) 515-4389","http://www.drivemaxusedcars.com/","kyle@newberncars.com","kyle@newberncars.com","https://maps.google.com/?cid=1369366735310569772",4.5,22,"New Bern, NC"
"Moore Motor Company INC","5975 S Main St, Salisbury, NC 28147, USA","(704) 925-9377","http://www.moore-motors.com/","mooremotors@outlook.com","mooremotors@outlook.com; wesleymoore@live.com","https://maps.google.com/?cid=10538799799777812476",4.5,8,"Salisbury, NC"
"Johnson Hyundai of Apex","1405 Vision Dr, Apex, NC 27523, USA","(919) 439-2059","https://www.johnsonhyundaiofapex.com/?utm_source=google&utm_medium=organic&utm_campaign=gbp+sales","accessibility@hmausa.com","accessibility@hmausa.com; johnsonhyundaicary@eleadtrack.net","https://maps.google.com/?cid=17793842548290420356",4.4,3304,"Apex, NC"
"Fields Chrysler Jeep Dodge RAM Asheville","255 Smokey Park Hwy, Asheville, NC 28806, USA","(828) 667-5213","https://www.fieldscjdrasheville.com/?utm_source=google&utm_medium=organic&utm_campaign=gmb","chris.jordan@fieldsauto.com","chris.jordan@fieldsauto.com","https://maps.google.com/?cid=14691573485501932271",4.4,2651,"Asheville, NC"
"Keffer Mazda","13307 Statesville Rd, Huntersville, NC 28078, USA","(704) 464-0105","https://www.keffermazda.com/?utm_source=google&utm_medium=organic&utm_campaign=gbp_sales_website","contactus@keffermazda.com","contactus@keffermazda.com","https://maps.google.com/?cid=10946537648723008667",4.4,2055,"Huntersville, NC"
"Modern Hyundai of Concord","965 Concord Pkwy S, Concord, NC 28027, USA","(704) 262-4408","https://www.modernhyundai.com/?utm_source=google&utm_medium=organic&utm_campaign=google_business_profile","hyundaicncontactus@modernauto.com","hyundaicncontactus@modernauto.com","https://maps.google.com/?cid=7104226122174218964",4.4,1720,"Concord, NC"
"Burlington KIA of NC","2149 Hatchery Rd, Burlington, NC 27215, USA","(336) 791-4151","https://www.burlingtonkianc.com/?utm_source=google&utm_medium=google+my+business","leads@driveburlingtonkianc.com","leads@driveburlingtonkianc.com","https://maps.google.com/?cid=9212734115928006484",4.4,1700,"Burlington, NC"
"JT Auto Group","3132 Old, Jefferson Davis Hwy, Sanford, NC 27332, USA","(888) 272-1692","https://www.jtautogroup.com/?utm_source=Google&utm_medium=GMB&utm_campaign=JTAutogroup","finance@jtautomart.com","finance@jtautomart.com","https://maps.google.com/?cid=8262293698556997796",4.4,1686,"Sanford, NC"
"Flow Buick GMC of Winston-Salem","1400 S Stratford Rd, Winston-Salem, NC 27103, USA","(336) 937-9049","https://www.flowgmauto.com/?utm_source=google&utm_medium=organic&utm_campaign=google_business_profile_bgmc","flowgmap@eleadtrack.net","flowgmap@eleadtrack.net","https://maps.google.com/?cid=8681820179661794595",4.4,1592,"Winston-Salem, NC"
"Carolina Nissan","1329 Huffman Mill Rd, Burlington, NC 27215, USA","(336) 584-0201","https://www.carolinanissan.com/?utm_source=google&utm_medium=organic&utm_campaign=google_business_listing","craven@carolinanissan.com","craven@carolinanissan.com","https://maps.google.com/?cid=8565847249490793448",4.4,1591,"Burlington, NC"
"Powers-Swain Chevrolet, INC.","4709 Bragg Blvd, Fayetteville, NC 28303, USA","(910) 728-4612","https://www.pschevy.com/?utm_source=GoogleBusinessProfile&utm_medium=organic","mleechford@embarqmail.com","mleechford@embarqmail.com","https://maps.google.com/?cid=5902155530065270904",4.4,1273,"Fayetteville, NC"
"Parks GMC Kernersville","900 NC-66, Kernersville, NC 27284, USA","(336) 904-3083","https://www.parksgmckernersville.com/?utm_source=gmb&utm_medium=organic&utm_campaign=honestdigital","pbgsalesmanagers@parksautogroup.com","pbgsalesmanagers@parksautogroup.com","https://maps.google.com/?cid=4156050538548785892",4.4,1215,"Kernersville, NC"
"Capital Hyundai of Jacksonville","2325 N Marine Blvd, Jacksonville, NC 28546, USA","(910) 455-1555","https://www.capitalhyundaiofjacksonville.com/?utm_source=google_my_business&utm_medium=organic&utm_campaign=gmb","accessibility@hmausa.com","accessibility@hmausa.com; mbardaxis@capitalautogroup.com","https://maps.google.com/?cid=15324886361219953293",4.4,884,"Jacksonville, NC"
"Belmonte Auto Imports","8516 Capital Blvd, Raleigh, NC 27616, USA","(919) 878-5566","https://www.belmonteauto.com/","info@belmonteauto.com","info@belmonteauto.com","https://maps.google.com/?cid=16979324436457936852",4.4,391,"Wake Forest, NC"
"Greenville Used Cars","2700 Laurens Rd, Greenville, SC 29607, USA","(864) 568-3655","https://www.greenvilleautomotive.com/","rbrown4@asburyauto.com","rbrown4@asburyauto.com","https://maps.google.com/?cid=8980543709927651929",4.4,315,"Greenville, NC"
"Morrison Motor Cars Inc","1170 Old Charlotte Rd SW, Concord, NC 28027, USA","(704) 782-7716","http://www.morrisoncars.com/","mmc1170@gmail.com","mmc1170@gmail.com","https://maps.google.com/?cid=15457913363276489700",4.4,257,"Concord, NC"
"Genesis of Lake Norman","18605 Statesville Rd, Cornelius, NC 28031, USA","(704) 765-3500","https://www.genesisoflakenorman.com/?utm_source=google&utm_medium=organic&utm_campaign=google_business_profile","genesiscncontactus@modernauto.com","genesiscncontactus@modernauto.com","https://maps.google.com/?cid=6860541731329200331",4.4,184,"Cornelius, NC"
"Seaport Auto Sales","1209 College Rd, Wilmington, NC 28403, USA","(910) 501-2696","http://www.seaportautosales.com/","seaportautosales@hotmail.com","seaportautosales@hotmail.com","https://maps.google.com/?cid=3818517134177713939",4.4,65,"Wilmington, NC"
"Westgate Chrysler Jeep Dodge RAM","6421 Old Westgate Rd, Raleigh, NC 27617, USA","(919) 865-5000","https://www.westgatechryslerjeepdodge.com/?utm_source=google&utm_medium=organic&utm_campaign=gbp-listing","sales@westgatejeep.com","sales@westgatejeep.com","https://maps.google.com/?cid=5694485791713717029",4.3,5416,"Wake Forest, NC"
"Sport Durst Hyundai","4507 Durham-Chapel Hill Blvd, Durham, NC 27707, USA","(919) 873-4783","https://www.sportdursthyundai.com/?utm_source=GoogleBusinessProfile&utm_medium=organic","accessibility@hmausa.com","accessibility@hmausa.com; leads@sportdursthyundaidurham.com","https://maps.google.com/?cid=10251150298921027857",4.3,2389,"Chapel Hill, NC"
"Parks Chrysler Dodge Jeep RAM Gastonia","2339 E Franklin Blvd, Gastonia, NC 28054, USA","(833) 842-7956","https://www.gastoniadodge.com/?utm_medium=organic&utm_source=GMBlisting&utm_campaign=chryslerdodgejeepramsales","gcdjr@parksautogroup.com","gcdjr@parksautogroup.com","https://maps.google.com/?cid=16806196650862248293",4.3,1900,"Gastonia, NC"
"Gastonia Chevrolet Buick GMC","831 S Main St, Lowell, NC 28098, USA","(980) 550-1135","https://www.gastoniachevroletbuickgmc.com/?utm_source=google&utm_medium=organic&utm_campaign=google-my-business&dclid=CNaNib3Yp4ADFab2KAUdXaECEg","leads@mckenneygm.com","leads@mckenneygm.com","https://maps.google.com/?cid=12412587214705534054",4.3,1727,"Gastonia, NC"
"Thompson Buick GMC","2600 Wake Forest Rd suite b, Raleigh, NC 27609, USA","(919) 578-9770","https://www.thompsoncars.net/?utm_source=google&utm_medium=organic&utm_campaign=gbp+sales","anwilmot@thompsoncars.com","anwilmot@thompsoncars.com","https://maps.google.com/?cid=14978768136541803793",4.3,1668,"Wake Forest, NC"
"Westgate Dodge Ram of Wake Forest","10936 Star Rd, Wake Forest, NC 27587, USA","(984) 237-3127","https://www.westgatedodgeram.com/","clients@highervisibility.com","clients@highervisibility.com; tgravesjr@westgatecars.com","https://maps.google.com/?cid=17224366332217136012",4.3,1289,"Wake Forest, NC"
"Carolina Volkswagen","7800 E Independence Blvd, Charlotte, NC 28227, USA","(980) 229-4446","https://www.carolinavw.com/?utm_source=google&utm_medium=organic&utm_campaign=googlemybusiness","cpowell@drivedag.com","cpowell@drivedag.com","https://maps.google.com/?cid=222244095581009968",4.3,1049,"Matthews, NC"
"Hubert Vester Chevrolet","3717 Raleigh Rd Pkwy W #100, Wilson, NC 27896, USA","(252) 293-6282","https://www.vesterchevrolet.com/?utm_source=GMB%20listing&utm_medium=organic&utm_campaign=GMB%20organic","cedmondson@hvautogroup.com","cedmondson@hvautogroup.com; hvagc@heartcoregrowth.com","https://maps.google.com/?cid=16162082627313247197",4.3,735,"Wilson, NC"
"Compass Auto Sales","6304 Market St, Wilmington, NC 28405, USA","(910) 769-3626","http://compassautos.com/","compassautos16@gmail.com","compassautos16@gmail.com","https://maps.google.com/?cid=10605129684508073312",4.3,157,"Wilmington, NC"
"Green Corner Auto Park Inc","1214 Garner Bagnal Blvd, Statesville, NC 28677, USA","(704) 883-8787","https://greencornerautopark.com/","sales@greencornerautopark.com","sales@greencornerautopark.com","https://maps.google.com/?cid=14086454753188201067",4.3,134,"Statesville, NC"
"Tank Auto Sales, LLC","1777 Smokey Park Hwy, Candler, NC 28715, USA","(828) 633-6350","https://tankautosalesasheville.com/","tankautosalesteam@gmail.com","tankautosalesteam@gmail.com","https://maps.google.com/?cid=5933365594175244053",4.3,108,"Asheville, NC"
"Skyline Motors","33 Sardis Rd, Asheville, NC 28806, USA","(828) 633-6855","http://skylinemotorsllc.com/","skylinemotorsllc@hotmail.com","skylinemotorsllc@hotmail.com","https://maps.google.com/?cid=1841167446027929232",4.3,94,"Asheville, NC"
"North Cannon Auto","1702 N Cannon Blvd, Kannapolis, NC 28083, USA","(704) 285-2471","http://www.northcannon.com/","cannon3709@gmail.com","cannon3709@gmail.com","https://maps.google.com/?cid=15962495691856093913",4.3,60,"Kannapolis, NC"
"Doug Henry Preowned","1202 US-117, Goldsboro, NC 27530, USA","(919) 734-4500","http://www.doughenrypreowned.com/","doughenrypreowned@gmail.com","doughenrypreowned@gmail.com","https://maps.google.com/?cid=2471622080570811848",4.3,19,"Goldsboro, NC"
"Select Auto Sales Of Greenville","4597 US-13, Greenville, NC 27834, USA","(252) 756-7030","http://selectautogreenville.com/contact","allencox@live.com","allencox@live.com","https://maps.google.com/?cid=5623571553900265415",4.3,18,"Greenville, NC"
"Southern States Hyundai of Raleigh","2511 Wake Forest Rd B, Raleigh, NC 27609, USA","(919) 839-7481","https://www.hyundairaleigh.com/?utm_source=GMB&utm_medium=Organic&utm_campaign=GoogleMyBusiness","accessibility@hmausa.com","accessibility@hmausa.com; bmac7240@yahoo.com","https://maps.google.com/?cid=9935826018145499820",4.2,2568,"Wake Forest, NC"
"Town and Country Ford","5401 E Independence Blvd, Charlotte, NC 28212, USA","(704) 557-0596","https://www.townandcountryford.com/?utm_source=google&utm_campaign=GoogleLocalListing&utm_medium=organic","sales@townandcountryford.edealerhub.com","sales@townandcountryford.edealerhub.com","https://maps.google.com/?cid=12211571388691540122",4.2,2031,"Charlotte, NC"
"Steve White Motors","3470 US Hwy 70 SE, Newton, NC 28658, USA","(828) 800-9837","https://www.stevewhitemotors.net/?utm_source=googlemybusiness&utm_medium=organic","stevewhitemotors@gmail.com","stevewhitemotors@gmail.com","https://maps.google.com/?cid=10055668393918321940",4.2,963,"Hickory, NC"
"Asheville Chevrolet","205 Smokey Park Hwy, Asheville, NC 28806, USA","(828) 665-4444","https://www.ashevillechevrolet.com/?utm_source=google&utm_medium=organic&utm_campaign=gbp_sales_websitelink","sales@avlchevy.com","sales@avlchevy.com","https://maps.google.com/?cid=10731973119140712096",4.2,725,"Asheville, NC"
"Manheim Statesville","145 Auction Ln, Statesville, NC 28625, USA","(704) 876-1111","http://www.manheim.com/locations/SVAA/events","statesvillefrontoffice-titles@coxautoinc.com","statesvillefrontoffice-titles@coxautoinc.com; avh-svaa@coxautoinc.com; amanda.savage@coxautoinc.com; jason.albright@coxautoinc.com; melina.zografakis@coxautoinc.com; nick.pharr@coxautoinc.com; todd.roberts@coxautoinc.com; lisa.morrow@coxautoinc.com; monica.prince@coxautoinc.com; tom.tomchik@coxautoinc.com; dee.paiva@coxautoinc.com; tiffany.read@coxautoinc.com; ryan.harris@coxautoinc.com; joe.barney@coxautoinc.com","https://maps.google.com/?cid=3588072567795736675",4.2,563,"Statesville, NC"
"Hendrick Preowned of Cary","70 Mackenan Dr, Cary, NC 27511, USA","(919) 238-4380","https://www.hendrickpreownedcary.com/?utm_source=google&utm_medium=organic&utm_campaign=hendricklocallistings","luke.lavoie@hendrickauto.com","luke.lavoie@hendrickauto.com","https://maps.google.com/?cid=8986477824754151873",4.2,174,"Cary, NC"
"Haywood Auto Sales Inc","1965 N Roberts Ave, Lumberton, NC 28358, USA","(910) 738-7615","http://www.haywoodautosales.com/","haywoodautosales@gmail.com","haywoodautosales@gmail.com","https://maps.google.com/?cid=15363767067187106174",4.2,139,"Lumberton, NC"
"Arnold Automotive Inc.","3325 Neuse Blvd, New Bern, NC 28560, USA","(252) 633-6087","https://arnoldautoinc.com/inventory","arnoldautomotiveinc@gmail.com","arnoldautomotiveinc@gmail.com","https://maps.google.com/?cid=11799652255027817327",4.2,109,"New Bern, NC"
"Travelers Auto","816 Main St, Sanford, NC 27332, USA","(919) 718-5105","http://www.travelers-auto.com/","travelersauto@gmail.com","travelersauto@gmail.com","https://maps.google.com/?cid=15459885980761843784",4.2,68,"Sanford, NC"
"Next Level Auto Sales, LLC","3747 Matthews-Indian Trail Rd STE 1000, Matthews, NC 28104, USA","(704) 733-8413","http://www.nextlevelautosales.com/","nextlevelautosales1@gmail.com","nextlevelautosales1@gmail.com","https://maps.google.com/?cid=2923700816006578441",4.2,51,"Indian Trail, NC"
"New Bern Auto Group","3405 Dr. M.L.K. Jr Blvd, New Bern, NC 28562, USA","(252) 638-6161","https://www.newbernautogroup.com/","impallari@gmail.com","impallari@gmail.com","https://maps.google.com/?cid=14801722235676695029",4.2,39,"New Bern, NC"
"GR8 Auto","8037 Fairview Rd Ste A, Mint Hill, NC 28227, USA","(828) 458-6238","https://gr8-auto.com/","samuel@gr8-auto.com","samuel@gr8-auto.com","https://maps.google.com/?cid=314797672634035863",4.2,33,"Mint Hill, NC"
"National Dodge Chrysler Jeep Ram","2223 N Marine Blvd, Jacksonville, NC 28546, USA","(910) 347-3777","https://www.nationaldodge.com/?utm_source=GoogleBusinessProfile&utm_medium=organic","sales@nationaldodge.com","sales@nationaldodge.com","https://maps.google.com/?cid=12049858574575523993",4.1,1681,"Jacksonville, NC"
"Team Chevrolet GMC of Salisbury","404 Jake Alexander Blvd S, Salisbury, NC 28145, USA","(704) 803-8525","https://www.teamchevync.com/?utm_source=google&utm_medium=organic&utm_term=googlebusiness","kdillard1@ctc.net","kdillard1@ctc.net","https://maps.google.com/?cid=5563918796961103321",4.1,1573,"Salisbury, NC"
"Don Bulluck Chevrolet","1920 North Wesleyan Boulevard, N U.S. 301, Rocky Mount, NC 27801, USA","(252) 977-3355","https://www.bulluckchevrolet.com/?utm_source=google&utm_medium=organic&utm_campaign=gbp+sales","dbcc@bulluckchevrolet.com","dbcc@bulluckchevrolet.com","https://maps.google.com/?cid=5859214897744076920",4.1,360,"Rocky Mount, NC"
"Peak Motors","50 U.S. Hwy 70 SW, Hickory, NC 28602, USA","(828) 328-3358","http://www.peakmotorsinc.com/","peakmotorsinc@yahoo.com","peakmotorsinc@yahoo.com","https://maps.google.com/?cid=3677928326740243990",4.1,277,"Hickory, NC"
"Flow Chevrolet of Winston Salem","1400 S Stratford Rd, Winston-Salem, NC 27103, USA","(336) 760-7000","https://www.flowgmauto.com/?utm_source=google&utm_medium=organic&utm_campaign=google_business_profile_chevy","flowgmap@eleadtrack.net","flowgmap@eleadtrack.net","https://maps.google.com/?cid=16697046754303828759",4.1,211,"Winston-Salem, NC"
"Cary Auto Mall","100 Auto Mall Drive, Cary, NC 27511, USA","(919) 439-5132","http://www.caryautomall.com/","david.clark@hendrickauto.com","david.clark@hendrickauto.com","https://maps.google.com/?cid=17480748159879073794",4.1,88,"Cary, NC"
"Quinn's Covenant Cars","2011 W Roosevelt Blvd, Monroe, NC 28110, USA","(704) 225-8221","http://prettytrucks.com/","quinns.cars1998@gmail.com","quinns.cars1998@gmail.com","https://maps.google.com/?cid=17988582485905588952",4.1,85,"Monroe, NC"
"Daytorius Auto Sport","1305 Richard St, Salisbury, NC 28144, USA","(980) 237-3998","https://www.daytoriusautosport.com/","daytoriusautosport@gmail.com","daytoriusautosport@gmail.com","https://maps.google.com/?cid=17617156993634944298",4.1,76,"Salisbury, NC"
"Sport Durst Automotive","4511 Durham-Chapel Hill Blvd, Durham, NC 27707, USA","(919) 489-6531","http://www.sportdurst.com/?utm_source=GoogleBusinessProfile&utm_medium=organic","sales@sportdurstcdjr.edealerhub.com","sales@sportdurstcdjr.edealerhub.com","https://maps.google.com/?cid=5403333894208824976",4,1053,"Durham, NC"
"Carolina Kia of High Point","2445 N Main St, High Point, NC 27262, USA","(336) 884-7000","https://www.carolinakia.com/?utm_source=GoogleBusinessProfile&utm_medium=organic","operry@carolinaautomotive.com","operry@carolinaautomotive.com","https://maps.google.com/?cid=2299407852332384080",4,494,"High Point, NC"
"Cardinal Auto Sales Inc","5429 Fayetteville Rd, Raleigh, NC 27603, USA","(919) 662-8200","https://www.cardinalautosales.com/?utm_source=organic&utm_medium=gmb&utm_campaign=local","cardinal865@gmail.com","cardinal865@gmail.com","https://maps.google.com/?cid=17571926936054331076",4,442,"Holly Springs, NC"
"Value Max Used Cars","2620 S Memorial Dr, Greenville, NC 27834, USA","(252) 353-5191","http://www.valuemaxnc.com/","sales@valuemaxnc.com","sales@valuemaxnc.com","https://maps.google.com/?cid=13239984293149537049",4,219,"Greenville, NC"
"P J's Auto Sales","820 E 2nd St, Lumberton, NC 28358, USA","(910) 739-1228","http://pjsautosales.net/","contact@sansoxygen.com","contact@sansoxygen.com; pjsautosales@ncrrbiz.com","https://maps.google.com/?cid=6131976019244507657",4,24,"Lumberton, NC"
"Family Auto of Greenville","105 E Stone Ave, Greenville, SC 29609, USA","(864) 242-4049","https://www.familyautoofgreenville.com/","info@familyautoofgreenville.com","info@familyautoofgreenville.com","https://maps.google.com/?cid=1579003792135051309",3.9,545,"Greenville, NC"
"Direct Automotive","4810 W Hwy 74, Monroe, NC 28110, USA","(704) 296-0607","http://www.gmdirectautomotive.com/","rabinader@gmdirectautomotive.com","rabinader@gmdirectautomotive.com","https://maps.google.com/?cid=17597165467979710005",3.9,180,"Indian Trail, NC"
"Kernersville Chrysler Dodge Jeep Ram Service","950 NC-66 South, Kernersville, NC 27284, USA","(888) 784-1526","https://www.31dodge.com/service/center.htm?utm_source=googlemybusiness&utm_medium=ScheduleAppt&utm_campaign=Internal","aclay@31dodge.com","aclay@31dodge.com","https://maps.google.com/?cid=14884199083976007169",3.8,54,"Kernersville, NC"
"Terrific Cars - Nash Street","400 Nash St N, Wilson, NC 27893, USA","(252) 291-1020","https://terrificcarsofnc.com/","info@terrificcarsofnc.com","info@terrificcarsofnc.com; terrificcarsofwilson@gmail.com; rodney@terrificcarsofnc.com; goldsboro@terrificcarsofnc.com","https://maps.google.com/?cid=1132151228152181612",3.6,15,"Wilson, NC"
"Gastonia Cadillac","831 S Main St, Lowell, NC 28098, USA","(980) 550-1135","https://www.gastoniacadillac.com/?utm_source=google&utm_medium=organic&utm_campaign=google-my-business","leads@mckenneygm.com","leads@mckenneygm.com","https://maps.google.com/?cid=3281055659600517133",3.5,45,"Gastonia, NC"
"American Auto Sales","2201 Dickinson Ave, Greenville, NC 27834, USA","(252) 756-5114","http://americanautogvl.net/","sales@americanautogvl.com","sales@americanautogvl.com","https://maps.google.com/?cid=10797278282168045828",3.4,120,"Greenville, NC"
"Beasley's Auto Sales","2725 E Elizabethtown Rd, Lumberton, NC 28358, USA","(910) 737-6111","https://beasleysauto.com/inventory","beasleysauto4@att.net","beasleysauto4@att.net","https://maps.google.com/?cid=5956606475673752355",3.4,41,"Lumberton, NC"
"Campbell's Used Cars","209 N Pine St, Lumberton, NC 28358, USA","(910) 738-4141","http://campbellsusedcarsinc.com/","ccampbellsused@nc.rr.com","ccampbellsused@nc.rr.com","https://maps.google.com/?cid=5382138010479676769",3.3,189,"Lumberton, NC"
"K & K Auto Sales","820 M.L.K. Jr Dr, Lumberton, NC 28358, USA","(910) 735-1166","http://kandkautosales.com/","keithhaywood@att.net","keithhaywood@att.net","https://maps.google.com/?cid=8430248738231873286",3.3,150,"Lumberton, NC"
"Cleveland Springs Auto","5479 Cornwallis Rd, Garner, NC 27529, USA","(919) 550-7500","https://www.clevelandspringsautosales.com/","csassales@gmail.com","csassales@gmail.com","https://maps.google.com/?cid=2148708647504706475",3.3,40,"Garner, NC"
"Terrific Cars - Goldsboro","2036 US-117, Goldsboro, NC 27530, USA","(919) 947-1224","https://terrificcarsofnc.com/","info@terrificcarsofnc.com","info@terrificcarsofnc.com; terrificcarsofwilson@gmail.com; rodney@terrificcarsofnc.com; goldsboro@terrificcarsofnc.com","https://maps.google.com/?cid=10015522360400841635",3.1,48,"Goldsboro, NC"
"A Cheap Ride Auto Sales","2426 US-301, Wilson, NC 27893, USA","(252) 291-1052","https://terrificcarsofwilson.com/","info@terrificcarsofnc.com","info@terrificcarsofnc.com; rodney@terrificcarsofnc.com; terrificcarsofwilson@gmail.com; goldsboro@terrificcarsofnc.com","https://maps.google.com/?cid=5086245680351155762",3,36,"Wilson, NC"
"Jake's Auto & Truck Sales","705 Gum Branch Rd, Jacksonville, NC 28540, USA","(910) 347-7377","https://jakesautoandtrucksales.net/inventory","trucksales@gmail.com","trucksales@gmail.com","https://maps.google.com/?cid=11775885833866580799",2.7,49,"Jacksonville, NC"
"Mocks Auto","2938 NC-66, Kernersville, NC 27284, USA","(336) 666-4145","http://mocksautos.com/","mocksauto@yahoo.com","mocksauto@yahoo.com","https://maps.google.com/?cid=9716800387692495120",2.6,19,"Kernersville, NC"
"Terrific Cars of Wilson","2426 US-301, Wilson, NC 27893, USA","(252) 281-1022","https://terrificcarsofnc.com/","info@terrificcarsofnc.com","info@terrificcarsofnc.com; terrificcarsofwilson@gmail.com; rodney@terrificcarsofnc.com; goldsboro@terrificcarsofnc.com","https://maps.google.com/?cid=14298839626166347972",2.2,26,"Wilson, NC"